Country,Year,Top 10% income share,Top 1% income share,Top 0.1% income share,Top 0.01% income share
Argentina,1932,,18.77,7.52,2.49
Argentina,1933,,17.18,6.8,2.39
Argentina,1934,,18.06,7.28,2.45
Argentina,1935,,18.44,7.41,2.49
Argentina,1936,,20.4,7.76,2.46
Argentina,1937,,20.44,8.11,2.6
Argentina,1938,,20.47,8.1,2.58
Argentina,1939,,20.88,8.34,2.72
Argentina,1940,,20.11,8.25,2.65
Argentina,1941,,22.43,9.44,3.09
Argentina,1942,,23.77,11.38,4.18
Argentina,1943,,25.96,11.62,4.16
Argentina,1944,,24.75,10.63,3.63
Argentina,1945,,23.39,9.76,3.31
Argentina,1946,,22.63,9.79,3.46
Argentina,1947,,24.02,10.51,3.72
Argentina,1948,,23.22,9.78,3.2
Argentina,1949,,19.34,7.87,2.4
Argentina,1950,,19.81,8.15,2.58
Argentina,1951,,16.96,6.85,2.14
Argentina,1952,,15.96,5.64,1.57
Argentina,1953,,15.35,5.12,1.42
Argentina,1954,,16.54,5.84,1.71
Argentina,1955,,,,
Argentina,1956,,15.66,5.42,1.54
Argentina,1957,,,,
Argentina,1958,,14.17,4.98,1.39
Argentina,1959,,15.92,5.23,1.4
Argentina,1960,,,,
Argentina,1961,,14.68,4.91,1.45
Argentina,1962,,,,
Argentina,1963,,,,
Argentina,1964,,,,
Argentina,1965,,,,
Argentina,1966,,,,
Argentina,1967,,,,
Argentina,1968,,,,
Argentina,1969,,,,
Argentina,1970,,,,
Argentina,1971,,,,
Argentina,1972,,,,
Argentina,1973,,,,
Argentina,1974,,,,
Argentina,1975,,,,
Argentina,1976,,,,
Argentina,1977,,,,
Argentina,1978,,,,
Argentina,1979,,,,
Argentina,1980,,,,
Argentina,1981,,,,
Argentina,1982,,,,
Argentina,1983,,,,
Argentina,1984,,,,
Argentina,1985,,,,
Argentina,1986,,,,
Argentina,1987,,,,
Argentina,1988,,,,
Argentina,1989,,,,
Argentina,1990,,,,
Argentina,1991,,,,
Argentina,1992,,,,
Argentina,1993,,,,
Argentina,1994,,,,
Argentina,1995,,,,
Argentina,1996,,,,
Argentina,1997,,12.39,4.27,1.39
Argentina,1998,,12.57,4.37,1.43
Argentina,1999,,13.53,5.22,1.78
Argentina,2000,,14.34,5.68,1.97
Argentina,2001,,12.91,5.22,1.82
Argentina,2002,,15.53,6.92,2.7
Argentina,2003,,16.85,7.4,2.79
Argentina,2004,,16.75,7.02,2.49
Australia,1921,,11.63,3.97,1.24
Australia,1922,,10.68,3.57,
Australia,1923,,11.76,3.98,
Australia,1924,,11.67,4.25,
Australia,1925,,11.31,3.99,
Australia,1926,,11.07,3.88,
Australia,1927,,11.68,3.86,
Australia,1928,,11.85,4.26,
Australia,1929,,10.67,3.58,
Australia,1930,,9.75,3.2,
Australia,1931,,9.34,3.07,0.85
Australia,1932,,9.27,3.08,0.9
Australia,1933,,10.32,3.53,
Australia,1934,,10.36,3.49,
Australia,1935,,10.54,3.49,
Australia,1936,,11.28,3.71,
Australia,1937,,9.83,3.19,0.89
Australia,1938,,10.39,3.41,0.97
Australia,1939,,10.73,3.5,1.04
Australia,1940,,10.3,3.37,0.99
Australia,1941,34.61,10.78,3.34,0.94
Australia,1942,34.12,10.43,3.11,0.85
Australia,1943,34.23,10.45,3.09,0.86
Australia,1944,31.25,9.03,2.49,0.64
Australia,1945,28.75,8.44,2.31,0.62
Australia,1946,31.61,9.51,2.59,0.66
Australia,1947,33.1,10.62,2.92,0.73
Australia,1948,32.77,10.8,2.89,0.73
Australia,1949,32.82,11.26,3.31,
Australia,1950,31.53,14.13,4.47,
Australia,1951,26.65,9.08,2.53,
Australia,1952,26.31,8.99,2.44,0.55
Australia,1953,26.1,8.71,2.43,0.58
Australia,1954,25.77,8.06,2.19,0.52
Australia,1955,25.53,7.54,2.01,0.48
Australia,1956,25.69,7.91,2.16,0.51
Australia,1957,23.99,7.04,1.84,0.43
Australia,1958,29.77,7.44,1.76,0.41
Australia,1959,29.85,7.39,1.75,0.41
Australia,1960,29.6,7.09,1.62,0.37
Australia,1961,29.71,7.1,1.65,0.4
Australia,1962,30.22,7.23,1.64,0.38
Australia,1963,30.35,7.36,1.65,0.37
Australia,1964,29.45,6.84,1.52,0.34
Australia,1965,29.22,6.69,1.46,0.31
Australia,1966,28.51,6.47,1.41,0.31
Australia,1967,28.66,6.58,1.51,0.38
Australia,1968,28.36,6.38,1.4,0.32
Australia,1969,27.85,6.25,1.42,0.36
Australia,1970,27.65,5.92,1.26,0.27
Australia,1971,28.24,5.92,1.25,0.27
Australia,1972,27.8,6.06,1.29,0.28
Australia,1973,26.74,5.67,1.17,0.24
Australia,1974,25.87,5.22,1.06,0.21
Australia,1975,25.54,5.13,1.1,0.23
Australia,1976,25.2,4.99,1.05,0.21
Australia,1977,25.15,4.92,1.06,
Australia,1978,25.01,4.87,1.03,
Australia,1979,25.17,4.83,1.02,
Australia,1980,25.39,4.79,1.02,
Australia,1981,25.31,4.61,0.96,
Australia,1982,25.82,4.67,1,
Australia,1983,25.32,4.68,1.02,
Australia,1984,25.5,4.75,1.03,
Australia,1985,25.93,5.02,1.14,0.35
Australia,1986,26.61,5.39,1.29,0.36
Australia,1987,28.66,6.67,1.89,0.6
Australia,1988,30.28,8.41,2.99,0.98
Australia,1989,27.64,6.43,1.79,0.51
Australia,1990,27.66,6.34,1.79,0.55
Australia,1991,28.22,6.41,1.81,0.57
Australia,1992,28.52,6.55,1.87,0.57
Australia,1993,29.4,6.96,2.08,0.61
Australia,1994,29.42,7.13,2.56,0.71
Australia,1995,29.13,7.23,2.14,0.73
Australia,1996,29.16,7.24,2.07,0.65
Australia,1997,30.41,7.81,2.32,0.75
Australia,1998,30.11,7.84,2.37,0.76
Australia,1999,31.48,8.84,3.04,
Australia,2000,31.28,9.03,3.06,
Australia,2001,30.61,8.31,2.51,
Australia,2002,31.34,8.79,2.68,
Australia,2003,32.04,9.18,2.89,
Australia,2004,30.08,8.89,2.93,
Australia,2005,30.54,9.12,3.05,
Australia,2006,31.81,10.06,3.65,
Australia,2007,31.51,9.84,3.58,
Australia,2008,29.34,8.59,2.91,
Australia,2009,30.56,8.88,2.93,
Australia,2010,30.98,9.17,3.15,
Canada,1920,,14.4,5.36,2.1
Canada,1921,,17.6,5.81,1.7
Canada,1922,,15.17,5.04,1.63
Canada,1923,,14.38,4.69,1.53
Canada,1924,,14.53,4.89,1.63
Canada,1925,,13.18,4.34,1.32
Canada,1926,,14.01,4.81,1.57
Canada,1927,,14.69,5.13,1.74
Canada,1928,,15.32,5.29,1.75
Canada,1929,,15.64,5.34,1.7
Canada,1930,,16.1,5.68,1.84
Canada,1931,,16.6,5.55,1.72
Canada,1932,,17.67,5.98,1.9
Canada,1933,,18.03,5.91,1.73
Canada,1934,,17.5,5.86,1.84
Canada,1935,,16.99,5.63,1.72
Canada,1936,,17.45,6,1.91
Canada,1937,,16.26,5.48,1.54
Canada,1938,,18.4,6.05,1.87
Canada,1939,,16.88,5.63,1.67
Canada,1940,,14.71,4.52,1.53
Canada,1941,45.3,13.3,4.24,1.29
Canada,1942,39.56,11.3,3.53,1.06
Canada,1943,39.29,10.72,3.22,0.92
Canada,1944,37.38,10.01,2.92,0.82
Canada,1945,37.27,10.12,2.89,0.78
Canada,1946,37.74,10.72,3.02,0.79
Canada,1947,38.14,10.99,3.09,0.82
Canada,1948,36.68,10.39,2.94,0.71
Canada,1949,38.22,10.68,2.91,0.69
Canada,1950,38.24,10.88,3.06,0.74
Canada,1951,36.31,10.03,2.8,0.65
Canada,1952,36.44,9.84,2.71,0.67
Canada,1953,37.36,9.88,2.7,0.66
Canada,1954,38.68,10.33,2.82,0.7
Canada,1955,38.08,10.19,2.86,0.75
Canada,1956,37.22,9.62,2.63,0.65
Canada,1957,37.76,9.64,2.59,0.64
Canada,1958,38.39,9.89,2.62,0.64
Canada,1959,38.44,9.74,2.54,0.61
Canada,1960,38.78,9.77,2.52,0.61
Canada,1961,39.35,9.93,2.55,0.63
Canada,1962,37.77,9.37,2.33,0.54
Canada,1963,37.37,9.14,2.24,0.51
Canada,1964,37.77,9.38,2.33,0.54
Canada,1965,37.23,9.2,2.28,0.54
Canada,1966,36.76,8.91,2.16,0.49
Canada,1967,37.06,9,2.15,0.47
Canada,1968,37.3,9.04,2.17,0.47
Canada,1969,37.34,9.01,2.13,0.46
Canada,1970,37.92,8.97,2.07,0.43
Canada,1971,37.83,8.87,2,0.4
Canada,1972,37.55,8.75,2.02,0.43
Canada,1973,37.02,8.8,2.06,0.46
Canada,1974,37.38,8.81,2.09,0.48
Canada,1975,37.28,8.74,2.11,0.51
Canada,1976,36.74,8.08,1.88,0.44
Canada,1977,36.18,7.74,1.78,0.42
Canada,1978,35.77,7.6,1.77,0.44
Canada,1979,35.57,7.72,1.86,0.48
Canada,1980,36.23,8.06,1.97,0.53
Canada,1981,35.39,7.8,1.88,0.5
Canada,1982,36.24,8.46,2.33,0.68
Canada,1983,36.19,8.21,2.13,0.57
Canada,1984,35.78,8.28,2.28,0.68
Canada,1985,35.25,8.21,2.26,0.67
Canada,1986,35.22,8.24,2.24,0.64
Canada,1987,35.05,8.4,2.38,0.7
Canada,1988,35.66,9.34,3,1.01
Canada,1989,36.36,10.01,3.44,1.29
Canada,1990,35.54,9.35,2.98,1.01
Canada,1991,36.31,9.36,2.91,0.99
Canada,1992,36.72,9.31,2.82,0.94
Canada,1993,37.31,9.56,2.97,0.99
Canada,1994,37.48,9.59,2.94,0.95
Canada,1995,37.85,10,3.13,1.03
Canada,1996,38.77,10.62,3.47,1.14
Canada,1997,39.78,11.52,3.97,1.33
Canada,1998,40.61,12.18,4.34,1.48
Canada,1999,41.17,12.62,4.61,1.68
Canada,2000,42.34,13.56,5.23,1.89
Canada,2001,39.78,12.7,4.78,1.69
Canada,2002,39.74,12.35,4.49,1.53
Canada,2003,39.67,12.28,4.44,1.54
Canada,2004,39.94,12.65,4.67,1.64
Canada,2005,40.26,13.09,4.97,1.76
Canada,2006,40.8,13.71,5.38,1.88
Canada,2007,40.76,13.72,5.33,1.86
Canada,2008,40.39,13.06,4.91,1.69
Canada,2009,40.09,12.29,4.37,1.46
Canada,2010,40.12,12.22,4.31,1.44
China,1986,17.37,2.65,0.47,
China,1987,17.8,2.67,0.46,
China,1988,19.2,3.34,0.62,
China,1989,19.74,3.45,0.56,
China,1990,19.34,3.33,0.57,
China,1991,19.5,3.38,0.61,
China,1992,20.63,3.96,0.75,
China,1993,22.65,4.34,0.75,
China,1994,23.57,4.42,0.77,
China,1995,23.3,4.38,0.7,
China,1996,23.98,4.69,0.86,
China,1997,24.78,4.89,0.9,
China,1998,24.72,4.84,0.87,
China,1999,24.94,4.77,0.85,
China,2000,25.53,5.04,0.96,
China,2001,25.91,5.05,0.95,
China,2002,26.7,5.32,1.03,
China,2003,27.94,5.87,1.2,
Colombia,1993,,20.48,8.36,
Colombia,1994,,20.54,8.09,
Colombia,1995,,20.76,7.85,
Colombia,1996,,21.3,7.67,
Colombia,1997,,20.85,7.51,
Colombia,1998,,19.77,6.97,
Colombia,1999,,18.1,6.32,
Colombia,2000,,17.32,6.1,
Colombia,2001,,17.31,5.99,
Colombia,2002,,17.96,5.97,
Colombia,2003,,19.92,6.03,
Colombia,2004,,17.8,,
Colombia,2005,,18.8,,
Colombia,2006,,19.94,7.62,2.86
Colombia,2007,,20.49,7.78,2.95
Colombia,2008,,20.25,7.49,2.71
Colombia,2009,,20.17,7.13,2.44
Colombia,2010,,20.45,7.37,2.64
Denmark,1870,,,,
Denmark,1871,,,,
Denmark,1872,,,,
Denmark,1873,,,,
Denmark,1874,,,,
Denmark,1875,,,,
Denmark,1876,,,,
Denmark,1877,,,,
Denmark,1878,,,,
Denmark,1879,,,,
Denmark,1880,,,,
Denmark,1881,,,,
Denmark,1882,,,,
Denmark,1883,,,,
Denmark,1884,,,,
Denmark,1885,,,,
Denmark,1886,,,,
Denmark,1887,,,,
Denmark,1888,,,,
Denmark,1889,,,,
Denmark,1890,,,,
Denmark,1891,,,,
Denmark,1892,,,,
Denmark,1893,,,,
Denmark,1894,,,,
Denmark,1895,,,,
Denmark,1896,,,,
Denmark,1897,,,,
Denmark,1898,,,,
Denmark,1899,,,,
Denmark,1900,,,,
Denmark,1901,,,,
Denmark,1902,,,,
Denmark,1903,,,,
Denmark,1904,,,,
Denmark,1905,,,,
Denmark,1906,,,,
Denmark,1907,,,,
Denmark,1908,,,,
Denmark,1909,,,,
Denmark,1910,,,,
Denmark,1911,,,,
Denmark,1912,,,,
Denmark,1913,,,,
Denmark,1914,,,,
Denmark,1915,,,,
Denmark,1916,,,,
Denmark,1917,,,,
Denmark,1918,,,,
Denmark,1919,,,,
Denmark,1920,,,,
Denmark,1921,,,,
Denmark,1922,,,,
Denmark,1923,,,,
Denmark,1924,,,,
Denmark,1925,,,,
Denmark,1926,,,,
Denmark,1927,,,,
Denmark,1928,,,,
Denmark,1929,,,,
Denmark,1930,,,,
Denmark,1931,,,,
Denmark,1932,,,,
Denmark,1933,,,,
Denmark,1934,,,,
Denmark,1935,,,,
Denmark,1936,,,,
Denmark,1937,,,,
Denmark,1938,,,,
Denmark,1939,,,,
Denmark,1940,,,,
Denmark,1941,,,,
Denmark,1942,,,,
Denmark,1943,,,,
Denmark,1944,,,,
Denmark,1945,,,,
Denmark,1946,,,,
Denmark,1947,,,,
Denmark,1948,,,,
Denmark,1949,,,,
Denmark,1950,,,,
Denmark,1951,,,,
Denmark,1952,,,,
Denmark,1953,,,,
Denmark,1954,,,,
Denmark,1955,,,,
Denmark,1956,,,,
Denmark,1957,,,,
Denmark,1958,,,,
Denmark,1959,,,,
Denmark,1960,,,,
Denmark,1961,,,,
Denmark,1962,,,,
Denmark,1963,,,,
Denmark,1964,,,,
Denmark,1965,,,,
Denmark,1966,,,,
Denmark,1967,,,,
Denmark,1968,,,,
Denmark,1969,,,,
Denmark,1970,,,,
Denmark,1971,,,,
Denmark,1972,,,,
Denmark,1973,,,,
Denmark,1974,,,,
Denmark,1975,,,,
Denmark,1976,,,,
Denmark,1977,,,,
Denmark,1978,,,,
Denmark,1979,,,,
Denmark,1980,,,,
Denmark,1981,,,,
Denmark,1982,,,,
Denmark,1983,,,,
Denmark,1984,,,,
Denmark,1985,,,,
Denmark,1986,,,,
Denmark,1987,,,,
Denmark,1988,,,,
Denmark,1989,,,,
Denmark,1990,,,,
Denmark,1991,,,,
Denmark,1992,,,,
Denmark,1993,,,,
Denmark,1994,,,,
Denmark,1995,,,,
Denmark,1996,,,,
Denmark,1997,,,,
Denmark,1998,,,,
Denmark,1999,,,,
Denmark,2000,,,,
Denmark,2001,,,,
Denmark,2002,,,,
Denmark,2003,,,,
Denmark,2004,,,,
Denmark,2005,,,,
Denmark,2006,,,,
Denmark,2007,,,,
Denmark,2008,,,,
Denmark,2009,,,,
Denmark,2010,,,,
Finland,1920,,,,
Finland,1921,,,,
Finland,1922,,,,
Finland,1923,,,,
Finland,1924,,,,
Finland,1925,,,,
Finland,1926,,,,
Finland,1927,,,,
Finland,1928,,,,
Finland,1929,,,,
Finland,1930,,,,
Finland,1931,,,,
Finland,1932,,,,
Finland,1933,,,,
Finland,1934,,,,
Finland,1935,,,,
Finland,1936,,,,
Finland,1937,,,,
Finland,1938,,,,
Finland,1939,,,,
Finland,1940,,,,
Finland,1941,,,,
Finland,1942,,,,
Finland,1943,,,,
Finland,1944,,,,
Finland,1945,,,,
Finland,1946,,,,
Finland,1947,,,,
Finland,1948,,,,
Finland,1949,,,,
Finland,1950,,,,
Finland,1951,,,,
Finland,1952,,,,
Finland,1953,,,,
Finland,1954,,,,
Finland,1955,,,,
Finland,1956,,,,
Finland,1957,,,,
Finland,1958,,,,
Finland,1959,,,,
Finland,1960,,,,
Finland,1961,,,,
Finland,1962,,,,
Finland,1963,,,,
Finland,1964,,,,
Finland,1965,,,,
Finland,1966,,,,
Finland,1967,,,,
Finland,1968,,,,
Finland,1969,,,,
Finland,1970,,,,
Finland,1971,,,,
Finland,1972,,,,
Finland,1973,,,,
Finland,1974,,,,
Finland,1975,,,,
Finland,1976,,,,
Finland,1977,,,,
Finland,1978,,,,
Finland,1979,,,,
Finland,1980,,,,
Finland,1981,,,,
Finland,1982,,,,
Finland,1983,,,,
Finland,1984,,,,
Finland,1985,,,,
Finland,1986,,,,
Finland,1987,,,,
Finland,1988,,,,
Finland,1989,,,,
Finland,1990,,,,
Finland,1991,,,,
Finland,1992,,,,
Finland,1993,,,,
Finland,1994,,,,
Finland,1995,,,,
Finland,1996,,,,
Finland,1997,,,,
Finland,1998,,,,
Finland,1999,,,,
Finland,2000,,,,
Finland,2001,,,,
Finland,2002,,,,
Finland,2003,,,,
Finland,2004,,,,
Finland,2005,,,,
Finland,2006,,,,
Finland,2007,,,,
Finland,2008,,,,
Finland,2009,,,,
France,1905,45,19,8,3
France,1906,,,,
France,1907,,,,
France,1908,,,,
France,1909,,,,
France,1910,,,,
France,1911,,,,
France,1912,,,,
France,1913,,,,
France,1914,,,,
France,1915,,18.31,7.9,3.03
France,1916,,20.65,9.39,3.79
France,1917,,20.09,8.89,3.44
France,1918,,17.95,7.67,2.87
France,1919,42.25,19.5,8.26,2.81
France,1920,39.59,17.95,7.63,2.86
France,1921,39.7,17.32,7.23,2.65
France,1922,41.54,17.87,7.26,2.51
France,1923,43.54,18.91,7.61,2.61
France,1924,42.14,17.96,7.05,2.39
France,1925,44.07,18.16,7.07,2.38
France,1926,42.06,17.82,6.98,2.41
France,1927,42.95,17.45,6.87,2.35
France,1928,42.75,17.27,6.77,2.33
France,1929,41.59,16.15,6.25,2.16
France,1930,41.08,15.31,5.79,1.93
France,1931,41.12,14.63,5.37,1.77
France,1932,43.44,14.8,5.22,1.67
France,1933,44.87,14.95,5.2,1.69
France,1934,46.01,15.28,5.31,1.71
France,1935,46.61,15.4,5.31,1.74
France,1936,44.1,14.74,5.17,1.74
France,1937,42.9,14.46,5.24,1.83
France,1938,42.52,14.27,5.05,1.75
France,1939,38.24,13.3,4.99,1.73
France,1940,39.11,13.35,4.9,1.65
France,1941,38.7,12.88,4.27,1.3
France,1942,35.04,11.53,3.64,1.06
France,1943,32.26,10.13,3.01,0.84
France,1944,29.42,8.37,2.32,0.61
France,1945,29.7,7.54,1.96,0.51
France,1946,32.87,9.22,2.61,0.72
France,1947,33.2,9.22,2.59,0.68
France,1948,32.35,8.75,2.43,0.63
France,1949,32.2,9.01,2.61,0.7
France,1950,31.97,8.98,2.6,0.7
France,1951,32.93,9,2.55,0.68
France,1952,33.19,9.16,2.53,0.65
France,1953,32.89,9,2.48,0.65
France,1954,33.53,9.14,2.45,0.64
France,1955,34.42,9.33,2.48,0.65
France,1956,34.36,9.37,2.46,0.65
France,1957,34.74,9.37,2.44,0.64
France,1958,34.05,9.01,2.34,0.6
France,1959,35.88,9.46,2.37,0.6
France,1960,36.11,9.71,2.45,0.62
France,1961,36.82,9.88,2.48,0.64
France,1962,35.88,9.46,2.34,0.58
France,1963,36.41,9.43,2.29,0.56
France,1964,36.84,9.56,2.3,0.56
France,1965,37.15,9.58,2.3,0.56
France,1966,36.46,9.36,2.26,0.57
France,1967,36.21,9.36,2.29,0.59
France,1968,34.8,8.77,2.15,0.56
France,1969,33.96,8.55,2.09,0.55
France,1970,33.14,8.33,2.02,0.53
France,1971,33.35,8.47,2.07,0.53
France,1972,33.03,8.52,2.11,0.55
France,1973,33.9,8.87,2.26,0.62
France,1974,33.33,8.5,2.09,0.53
France,1975,33.41,8.48,2.08,0.54
France,1976,33.19,8.44,2.08,0.54
France,1977,31.68,7.79,1.94,0.51
France,1978,31.38,7.8,1.93,0.5
France,1979,31.03,7.82,1.97,0.52
France,1980,30.69,7.63,1.91,0.5
France,1981,30.73,7.55,1.89,0.5
France,1982,29.93,7.07,1.72,0.44
France,1983,30.43,6.99,1.63,0.4
France,1984,30.52,7.03,1.65,0.41
France,1985,31.05,7.2,1.7,0.43
France,1986,31.39,7.44,1.81,0.46
France,1987,31.73,7.75,1.98,0.53
France,1988,32.09,7.92,2.06,0.57
France,1989,32.42,8.21,2.2,0.62
France,1990,32.64,8.23,2.2,0.62
France,1991,32.44,7.97,2.07,0.57
France,1992,32.23,7.75,1.97,0.54
France,1993,32.22,7.65,1.94,0.53
France,1994,32.37,7.71,1.98,0.55
France,1995,32.41,7.7,1.96,0.54
France,1996,32.04,7.73,2.01,0.53
France,1997,32.17,7.77,2.01,0.55
France,1998,32.59,7.94,2.09,0.57
France,1999,33,8.15,2.18,0.62
France,2000,33.05,8.29,2.25,0.65
France,2001,33.09,8.43,2.33,0.68
France,2002,33.03,8.46,2.35,0.69
France,2003,33.11,8.55,2.37,0.69
France,2004,33.45,8.73,2.45,0.72
France,2005,32.89,8.73,2.48,0.74
France,2006,32.81,8.94,2.65,0.83
France,2007,33.15,9.25,,
France,2008,33.03,8.8,,
France,2009,32.69,8.08,,
Germany,1891,37.92,17.28,7.44,2.79
Germany,1892,37.47,16.81,7.18,2.67
Germany,1893,37.21,16.59,7.04,2.61
Germany,1894,37.13,16.59,7.1,2.66
Germany,1895,37.18,16.77,7.22,2.69
Germany,1896,37.54,17.16,7.48,2.82
Germany,1897,38.19,17.64,7.8,3
Germany,1898,38.72,18.11,8.09,3.16
Germany,1899,38.97,18.49,8.39,3.34
Germany,1900,39.13,18.63,8.47,3.39
Germany,1901,38.99,18.29,8.25,3.29
Germany,1902,38.59,17.78,7.89,3.1
Germany,1903,38.52,17.63,7.77,3.03
Germany,1904,38.6,17.81,7.86,3.06
Germany,1905,38.91,18.22,8.15,3.19
Germany,1906,38.2,18.14,8.24,3.27
Germany,1907,37.78,17.96,8.19,3.28
Germany,1908,37.26,17.36,7.9,3.14
Germany,1909,37.84,17.15,7.75,3.08
Germany,1910,38.01,17.24,7.84,3.13
Germany,1911,37.77,17.48,7.96,3.16
Germany,1912,37.73,17.52,8.01,3.18
Germany,1913,38.52,17.77,8.11,3.13
Germany,1914,38.1,17.78,8.16,3.15
Germany,1915,39.31,19.53,9.18,3.66
Germany,1916,40.75,21.32,10.31,4.1
Germany,1917,41.98,22.42,11.04,4.52
Germany,1918,41.52,22.2,10.93,4.49
Germany,1919,37.92,19.47,9.18,3.71
Germany,1920,,,,
Germany,1921,,,,
Germany,1922,,,,
Germany,1923,,,,
Germany,1924,,,,
Germany,1925,,11.3,3.9,1.2
Germany,1926,32.5,11.3,4,1.4
Germany,1927,,11.5,4.1,1.4
Germany,1928,32.2,11.2,4,1.3
Germany,1929,,11.1,3.9,1.3
Germany,1930,,,,
Germany,1931,,,,
Germany,1932,38.4,11.4,3.8,1.2
Germany,1933,,10.9,3.8,1.2
Germany,1934,36.3,11.3,3.8,1.3
Germany,1935,,12,4.4,1.6
Germany,1936,37.3,13.7,5.5,2.2
Germany,1937,,15,6.2,2.5
Germany,1938,,16.3,6.7,2.6
Germany,1939,,,,
Germany,1940,,,,
Germany,1941,,,,
Germany,1942,,,,
Germany,1943,,,,
Germany,1944,,,,
Germany,1945,,,,
Germany,1946,,,,
Germany,1947,,,,
Germany,1948,,,,
Germany,1949,,,,
Germany,1950,34.4,11.6,3.9,1.5
Germany,1951,,,,
Germany,1952,,,,
Germany,1953,,,,
Germany,1954,,,3.2,1
Germany,1955,,,,
Germany,1956,,,,
Germany,1957,,11,4.3,1.4
Germany,1958,,,,
Germany,1959,,,,
Germany,1960,,,,
Germany,1961,31.4,12.2,4.5,1.3
Germany,1962,,,,
Germany,1963,,,,
Germany,1964,,,,
Germany,1965,31.3,12.2,4.8,1.8
Germany,1966,,,,
Germany,1967,,,,
Germany,1968,30.3,11.2,4.3,1.6
Germany,1969,,,,
Germany,1970,,,,
Germany,1971,31.8,11.3,4.4,1.7
Germany,1972,,,,
Germany,1973,,,,
Germany,1974,30.8,10.1,3.6,1.3
Germany,1975,,,,
Germany,1976,,,,
Germany,1977,31.5,10.2,3.7,1.3
Germany,1978,,,,
Germany,1979,,,,
Germany,1980,31.67,10.43,3.96,1.45
Germany,1981,,,,
Germany,1982,,,,
Germany,1983,30.65,9.06,3.18,0.96
Germany,1984,,,,
Germany,1985,,,,
Germany,1986,31.37,9.64,3.6,1.27
Germany,1987,,,,
Germany,1988,,,,
Germany,1989,32.72,10.52,4.05,1.54
Germany,1990,,,,
Germany,1991,,,,
Germany,1992,33.4,10.43,4.05,1.54
Germany,1993,,,,
Germany,1994,,,,
Germany,1995,31.4,8.84,3.27,1.34
Germany,1996,,,,
Germany,1997,,,,
Germany,1998,34.71,10.88,4.31,1.57
Germany,1999,,,,
Germany,2000,,,,
Germany,2001,35.9,11.06,4.35,1.81
Germany,2002,35.56,10.38,3.84,1.59
Germany,2003,35.18,10.13,3.73,1.6
Germany,2004,35.59,10.61,3.99,1.68
Germany,2005,37.58,11.85,4.74,2.09
Germany,2006,37.58,12.32,5.11,2.3
Germany,2007,38.57,12.93,5.35,2.41
Germany,2008,39.52,13.89,5.94,2.68
India,1922,,12.72,5.66,2
India,1923,,13.39,5.91,2.07
India,1924,,11.46,5.37,1.84
India,1925,,12.38,5.39,1.84
India,1926,,12.89,5.57,1.87
India,1927,,13.32,5.82,1.98
India,1928,,13.62,5.92,1.98
India,1929,,13.07,5.77,1.9
India,1930,,14.53,6.39,2.11
India,1931,,16.09,6.94,2.26
India,1932,,16.14,7.03,2.32
India,1933,,17.11,7.39,2.45
India,1934,,16.9,7.28,2.41
India,1935,,17.33,7.34,2.42
India,1936,,15.58,6.73,2.31
India,1937,,15.54,6.71,2.32
India,1938,,17.82,7.63,2.9
India,1939,,16.11,7.38,2.88
India,1940,,16.15,7.53,2.98
India,1941,,14.06,6.85,2.73
India,1942,,,,
India,1943,,10.32,4.84,1.87
India,1944,,11.13,5.1,2
India,1945,,11.41,5.21,2.03
India,1946,,,,
India,1947,,11.23,5.44,2.27
India,1948,,11.84,5.29,2.15
India,1949,,12,5.24,2.1
India,1950,,13.42,5.6,2.07
India,1951,,,,
India,1952,,,,
India,1953,,11.92,5.15,1.85
India,1954,,13.58,5.68,2.01
India,1955,,14.41,5.92,2.01
India,1956,,12.77,5.18,1.69
India,1957,,13.34,5.31,1.68
India,1958,,12.56,4.92,1.51
India,1959,,12.36,4.77,1.44
India,1960,,12.31,4.79,1.47
India,1961,,12.15,4.61,1.38
India,1962,,11.58,4.24,1.27
India,1963,,,,
India,1964,,9.65,3.23,1.04
India,1965,,10.92,3.93,1.21
India,1966,,9.99,3.66,1.16
India,1967,,10.01,3.51,1.03
India,1968,,9.95,3.48,1.01
India,1969,,,,
India,1970,,10.02,3.43,1.03
India,1971,,8.47,2.83,0.88
India,1972,,,,
India,1973,,7.02,2.22,0.64
India,1974,,6.65,2.01,0.54
India,1975,,7.24,2.25,0.62
India,1976,,7.27,2.16,0.62
India,1977,,6.18,1.9,0.51
India,1978,,6.05,1.81,0.51
India,1979,,5.61,1.66,0.46
India,1980,,4.78,1.39,0.4
India,1981,,4.39,1.21,0.3
India,1982,,4.51,1.33,0.34
India,1983,,6.46,1.83,0.48
India,1984,,6.39,1.88,0.5
India,1985,,8.24,2.45,0.66
India,1986,,8.64,2.61,0.7
India,1987,,8.12,2.51,0.63
India,1988,,8.52,2.71,0.83
India,1989,,8.19,2.38,0.78
India,1990,,7.42,1.84,0.64
India,1991,,7.12,1.76,0.57
India,1992,,6.96,1.91,0.59
India,1993,,8.53,2.86,1.15
India,1994,,8.09,2.61,1.07
India,1995,,8.67,3.52,2.05
India,1996,,8.72,3.08,1.54
India,1997,,10.7,4.36,1.88
India,1998,,8.95,3.64,1.57
India,1999,,8.95,3.64,1.57
Indonesia,1920,,,3.7,1.39
Indonesia,1921,,11.82,5.54,2.21
Indonesia,1922,,14.28,5.35,1.69
Indonesia,1923,,14.81,5.69,1.93
Indonesia,1924,,14.42,5.67,1.97
Indonesia,1925,,14.19,5.65,1.91
Indonesia,1926,,15,5.97,2.04
Indonesia,1927,,15.52,5.98,1.94
Indonesia,1928,,16.38,6.14,1.93
Indonesia,1929,,16.71,6.32,1.92
Indonesia,1930,,16.64,5.87,1.67
Indonesia,1931,,20.03,6.77,1.78
Indonesia,1932,,21.13,7.02,1.74
Indonesia,1933,,21.55,7.18,1.72
Indonesia,1934,,21.51,7.22,1.68
Indonesia,1935,,,6.81,1.6
Indonesia,1936,,,6.93,1.63
Indonesia,1937,,,6.56,1.69
Indonesia,1938,,19.8,7.24,2
Indonesia,1939,,19.87,7.03,1.83
Indonesia,1940,,,,
Indonesia,1941,,,,
Indonesia,1942,,,,
Indonesia,1943,,,,
Indonesia,1944,,,,
Indonesia,1945,,,,
Indonesia,1946,,,,
Indonesia,1947,,,,
Indonesia,1948,,,,
Indonesia,1949,,,,
Indonesia,1950,,,,
Indonesia,1951,,,,
Indonesia,1952,,,,
Indonesia,1953,,,,
Indonesia,1954,,,,
Indonesia,1955,,,,
Indonesia,1956,,,,
Indonesia,1957,,,,
Indonesia,1958,,,,
Indonesia,1959,,,,
Indonesia,1960,,,,
Indonesia,1961,,,,
Indonesia,1962,,,,
Indonesia,1963,,,,
Indonesia,1964,,,,
Indonesia,1965,,,,
Indonesia,1966,,,,
Indonesia,1967,,,,
Indonesia,1968,,,,
Indonesia,1969,,,,
Indonesia,1970,,,,
Indonesia,1971,,,,
Indonesia,1972,,,,
Indonesia,1973,,,,
Indonesia,1974,,,,
Indonesia,1975,,,,
Indonesia,1976,,,,
Indonesia,1977,,,,
Indonesia,1978,,,,
Indonesia,1979,,,,
Indonesia,1980,,,,
Indonesia,1981,,,,
Indonesia,1982,,7.17,,
Indonesia,1983,,,,
Indonesia,1984,,,,
Indonesia,1985,,,,
Indonesia,1986,,,,
Indonesia,1987,,7.99,,
Indonesia,1988,,,,
Indonesia,1989,,,,
Indonesia,1990,,8.05,,0.69
Indonesia,1991,,,,0.58
Indonesia,1992,,,,0.69
Indonesia,1993,,9.1,,0.66
Indonesia,1994,,,,0.67
Indonesia,1995,,,,0.55
Indonesia,1996,,9.69,,0.56
Indonesia,1997,,,,0.59
Indonesia,1998,,12.42,,0.54
Indonesia,1999,,13.65,,0.58
Indonesia,2000,,13.82,,0.78
Indonesia,2001,,15.52,,0.81
Indonesia,2002,,10.47,1.47,0.75
Indonesia,2003,,9.76,1.34,0.61
Indonesia,2004,,8.46,,
Ireland,1922,,,4.64,
Ireland,1923,,,5.25,
Ireland,1924,,,4.77,
Ireland,1925,,,5.07,
Ireland,1926,,,4.72,
Ireland,1927,,,4.83,
Ireland,1928,,,4.8,
Ireland,1929,,,4.94,
Ireland,1930,,,5.21,
Ireland,1931,,,7.78,
Ireland,1932,,,6.71,
Ireland,1933,,,6.74,
Ireland,1934,,,6.61,
Ireland,1935,,,6.77,
Ireland,1936,,,6.31,
Ireland,1937,,,6.32,
Ireland,1938,47.61,16.93,5.95,
Ireland,1939,,,5.46,
Ireland,1940,,,4.93,
Ireland,1941,,,4.93,
Ireland,1942,,,4.61,
Ireland,1943,35.68,12.92,4,
Ireland,1944,,,4.56,
Ireland,1945,,,4.56,
Ireland,1946,,,4.73,
Ireland,1947,,,4.8,
Ireland,1948,,,4.48,
Ireland,1949,,,4.35,
Ireland,1950,,,4.21,
Ireland,1951,,,3.65,
Ireland,1952,,,3.31,
Ireland,1953,,,2.98,
Ireland,1954,,,,
Ireland,1955,,,,
Ireland,1956,,,,
Ireland,1957,,,,
Ireland,1958,,,,
Ireland,1959,,,,
Ireland,1960,,,,
Ireland,1961,,,,
Ireland,1962,,,,
Ireland,1963,,,,
Ireland,1964,,,2.09,
Ireland,1965,,,2.11,
Ireland,1966,,,2.11,
Ireland,1967,,,2.02,
Ireland,1968,,,1.87,
Ireland,1969,,,1.78,
Ireland,1970,,,1.73,
Ireland,1971,,,1.52,
Ireland,1972,,,1.33,
Ireland,1973,,,1.27,
Ireland,1974,,,,
Ireland,1975,28.62,5.96,1.31,
Ireland,1976,27.96,5.83,1.26,
Ireland,1977,27.29,5.64,1.24,
Ireland,1978,28.2,6.16,1.47,
Ireland,1979,31.32,8.03,2.65,
Ireland,1980,31.5,6.65,1.47,
Ireland,1981,30.85,6.37,1.4,
Ireland,1982,32.57,6.87,1.55,
Ireland,1983,33.29,7.05,1.6,
Ireland,1984,31.57,6.5,1.46,
Ireland,1985,31.28,6.27,1.4,
Ireland,1986,31.03,6.15,1.38,
Ireland,1987,31.16,6.14,1.34,
Ireland,1988,30.51,6.15,1.37,
Ireland,1989,30.52,6.38,1.54,
Ireland,1990,31.05,6.64,1.57,
Ireland,1991,32.46,7.3,,
Ireland,1992,34,7.83,,
Ireland,1993,33.39,7.55,,
Ireland,1994,34.84,7.93,,
Ireland,1995,35.33,8.19,,
Ireland,1996,35.55,8.48,,
Ireland,1997,35.51,8.73,,
Ireland,1998,35.89,9.67,,
Ireland,1999,34.93,9.44,,
Ireland,2000,33.87,10.32,,
Ireland,2001,32.96,9.73,,
Ireland,2002,33.45,9.98,,
Ireland,2003,34.35,10.3,,
Ireland,2004,35.54,10.87,,
Ireland,2005,36.43,11.6,,
Ireland,2006,37.87,12.51,,
Ireland,2007,36.67,11.64,,
Ireland,2008,35.28,10.48,,
Ireland,2009,36.13,10.5,,
Italy,1974,30.5,7.46,1.81,0.46
Italy,1975,31.2,7.24,1.64,0.36
Italy,1976,28.5,7.1,1.7,0.4
Italy,1977,27.53,6.8,1.66,0.39
Italy,1978,27.15,6.71,1.63,0.38
Italy,1979,27.21,6.83,1.67,0.39
Italy,1980,27.17,6.9,1.72,0.4
Italy,1981,26.31,6.47,1.57,0.36
Italy,1982,26.14,6.4,1.53,0.35
Italy,1983,26.04,6.34,1.48,0.33
Italy,1984,26.4,6.54,1.56,0.35
Italy,1985,26.83,6.81,1.65,0.38
Italy,1986,27.2,7.13,1.77,0.42
Italy,1987,28.12,7.45,1.86,0.44
Italy,1988,28.91,7.6,1.83,0.41
Italy,1989,29.34,7.79,1.91,0.43
Italy,1990,29.5,7.78,1.92,0.44
Italy,1991,29.53,7.84,1.92,0.46
Italy,1992,29.81,7.81,1.9,0.45
Italy,1993,30.19,7.92,1.97,0.48
Italy,1994,30.41,7.99,2,0.49
Italy,1995,30.57,8.13,2.07,0.52
Italy,1996,,,,
Italy,1997,,,,
Italy,1998,32.01,8.74,2.35,0.65
Italy,1999,32.44,8.82,2.38,0.66
Italy,2000,32.94,9.09,2.49,0.7
Italy,2001,33,9.28,2.65,0.79
Italy,2002,33.03,9.28,2.68,0.81
Italy,2003,33.02,9.36,2.75,0.84
Italy,2004,33.08,9.28,2.7,0.84
Italy,2005,33.19,9.35,2.77,0.88
Italy,2006,33.7,9.72,3.02,1.01
Italy,2007,34.12,9.86,3.05,1
Italy,2008,34,9.66,2.88,0.91
Italy,2009,33.87,9.38,2.7,0.82
Japan,1886,,19.14,7.22,2.98
Japan,1887,,19.89,7.24,3.03
Japan,1888,,17.67,6.78,2.95
Japan,1889,,16.07,6.3,2.68
Japan,1890,,14.33,5.63,2.44
Japan,1891,,13.19,5.19,2.22
Japan,1892,,14.45,5.79,2.43
Japan,1893,,14.27,5.87,2.44
Japan,1894,,13.4,5.69,2.4
Japan,1895,,12.82,5.59,2.38
Japan,1896,,13.23,5.8,2.47
Japan,1897,,12.16,5.21,2.15
Japan,1898,,13.57,5.58,2.02
Japan,1899,,15.72,6.72,2.51
Japan,1900,,16.26,6.83,2.5
Japan,1901,,16.93,7.09,2.62
Japan,1902,,17.99,7.55,2.8
Japan,1903,,17.55,7.43,2.74
Japan,1904,,16.58,7.21,2.74
Japan,1905,,18.07,7.82,2.97
Japan,1906,,18.12,7.64,2.83
Japan,1907,,18.26,7.58,2.76
Japan,1908,,18.93,7.74,2.79
Japan,1909,,18.74,7.56,2.68
Japan,1910,,18.88,7.75,2.81
Japan,1911,,17.99,7.52,2.77
Japan,1912,,17.91,7.61,2.83
Japan,1913,,17.45,7.38,2.73
Japan,1914,,18.55,7.98,2.92
Japan,1915,,19.6,9.09,3.7
Japan,1916,,19.52,9.72,4.38
Japan,1917,,18.68,9.52,4.31
Japan,1918,,16.62,8.3,3.68
Japan,1919,,15.25,7.37,3.12
Japan,1920,,17.09,7.9,3.23
Japan,1921,,18.48,8.1,3.15
Japan,1922,,19.55,8.63,3.4
Japan,1923,,19.72,8.6,3.37
Japan,1924,,19.72,8.62,3.43
Japan,1925,,18.32,7.96,3.16
Japan,1926,,18.55,8.29,3.38
Japan,1927,,17.89,7.96,3.22
Japan,1928,,18.51,8.28,3.37
Japan,1929,,18.35,8.17,3.33
Japan,1930,,16.78,7.32,2.95
Japan,1931,,17.38,7.42,2.92
Japan,1932,,17.56,7.61,3.03
Japan,1933,,18.28,8.16,3.4
Japan,1934,,18.96,8.46,3.49
Japan,1935,,18.74,8.41,3.49
Japan,1936,,18.68,8.4,3.57
Japan,1937,,19.26,8.83,3.8
Japan,1938,,19.92,9.19,3.81
Japan,1939,,17.95,7.83,3.1
Japan,1940,,16.45,6.82,2.59
Japan,1941,,16.67,6.36,2.31
Japan,1942,,15.11,5.69,2.06
Japan,1943,,13.62,4.96,1.78
Japan,1944,,10.74,3.93,1.4
Japan,1945,,6.43,1.88,0.56
Japan,1946,,,,
Japan,1947,26.81,7.36,2.15,0.61
Japan,1948,29.59,7.79,2.06,0.55
Japan,1949,32.11,7.89,1.82,0.46
Japan,1950,31.66,7.69,1.73,0.42
Japan,1951,30.27,7.28,1.87,0.53
Japan,1952,32.23,7.85,2.02,0.55
Japan,1953,30.5,7.46,1.91,0.49
Japan,1954,30.2,7.2,1.83,0.47
Japan,1955,28.89,6.91,1.78,0.46
Japan,1956,29.59,7.37,1.9,0.49
Japan,1957,30.38,7.68,2.05,0.54
Japan,1958,30.38,7.74,2.08,0.54
Japan,1959,30.73,7.97,2.15,0.54
Japan,1960,30.76,8.17,2.22,0.58
Japan,1961,30.46,8.44,2.31,0.6
Japan,1962,31.09,8.68,2.35,0.61
Japan,1963,30.97,8.5,2.31,0.6
Japan,1964,30.39,8.33,2.18,0.56
Japan,1965,29.82,7.9,2.04,0.52
Japan,1966,29.18,7.62,1.94,0.49
Japan,1967,29.76,7.63,1.96,0.49
Japan,1968,29.4,7.56,1.91,0.46
Japan,1969,30.68,8.01,1.91,0.46
Japan,1970,31.9,8.19,2.04,0.57
Japan,1971,32.93,8.42,1.94,0.62
Japan,1972,32.68,8.1,1.6,0.44
Japan,1973,32.18,7.62,2.18,0.86
Japan,1974,30.96,7.2,1.78,0.57
Japan,1975,30.52,7.08,1.76,0.61
Japan,1976,30.64,6.81,1.51,0.34
Japan,1977,30.59,6.77,1.48,0.34
Japan,1978,30.98,6.96,1.52,0.35
Japan,1979,31.63,7.25,1.65,0.38
Japan,1980,31.34,7.16,1.65,0.38
Japan,1981,31.24,7.11,1.59,0.36
Japan,1982,31.12,7.02,1.62,0.4
Japan,1983,31.34,6.94,1.5,0.34
Japan,1984,31.5,6.95,1.49,0.35
Japan,1985,31.92,7.03,1.5,0.35
Japan,1986,32.36,7.21,1.54,0.4
Japan,1987,33.31,7.66,1.65,0.51
Japan,1988,33.62,7.63,1.62,0.53
Japan,1989,33.77,7.9,1.83,0.72
Japan,1990,33.7,8.05,2.04,0.86
Japan,1991,32.94,7.54,1.81,0.73
Japan,1992,32.32,7.12,1.64,0.5
Japan,1993,32.68,7.15,1.62,0.49
Japan,1994,33.14,7.06,1.62,0.49
Japan,1995,34.02,7.3,1.64,0.47
Japan,1996,34.33,7.36,1.69,0.5
Japan,1997,34.68,7.32,1.69,0.45
Japan,1998,35.51,7.59,1.74,0.45
Japan,1999,36.15,7.76,1.77,0.47
Japan,2000,37.15,8.22,2.04,0.57
Japan,2001,38.69,8.6,2.17,0.61
Japan,2002,39.65,8.73,2.11,0.56
Japan,2003,40.17,8.92,2.2,0.61
Japan,2004,40.77,9.29,2.38,0.71
Japan,2005,40.56,9.42,2.48,0.7
Japan,2006,40.81,9.62,2.6,0.76
Japan,2007,41.03,9.64,2.62,0.76
Japan,2008,40.94,9.71,2.63,0.73
Japan,2009,40.32,9.56,2.55,0.7
Japan,2010,40.5,9.51,2.52,0.68
Korea,1933,,21.13,8.37,2.82
Korea,1934,,20.14,8.35,2.81
Korea,1935,,18.44,7.58,2.54
Korea,1936,,18,7.37,2.48
Korea,1937,,16.77,7.11,2.34
Korea,1938,,17.8,7.75,3
Korea,1939,,17.21,7.55,2.9
Korea,1940,,17.02,7.42,2.85
Korea,1941,,,,
Korea,1942,,,,
Korea,1943,,,,
Korea,1944,,,,
Korea,1945,,,,
Korea,1946,,,,
Korea,1947,,,,
Korea,1948,,,,
Korea,1949,,,,
Korea,1950,,,,
Korea,1951,,,,
Korea,1952,,,,
Korea,1953,,,,
Korea,1954,,,,
Korea,1955,,,,
Korea,1956,,,,
Korea,1957,,,,
Korea,1958,,,,
Korea,1959,,,,
Korea,1960,,,,
Korea,1961,,,,
Korea,1962,,,,
Korea,1963,,,,
Korea,1964,,,,
Korea,1965,,,,
Korea,1966,,,,
Korea,1967,,,,
Korea,1968,,,,
Korea,1969,,,,
Korea,1970,,,,
Korea,1971,,,,
Korea,1972,,,,
Korea,1973,,,,
Korea,1974,,,,
Korea,1975,,,,
Korea,1976,,,,
Korea,1977,,,,
Korea,1978,,,,
Korea,1979,27.03,7.17,2.06,0.86
Korea,1980,28.8,7.47,1.99,0.72
Korea,1981,28.63,7.14,1.89,0.6
Korea,1982,29.66,7.27,1.78,0.53
Korea,1983,30.18,7.46,1.78,0.47
Korea,1984,29.19,7.35,1.8,0.55
Korea,1985,28.84,7.16,1.91,0.64
Korea,1986,,,,
Korea,1987,,,,
Korea,1988,,,,
Korea,1989,,,,
Korea,1990,,,,
Korea,1991,,,,
Korea,1992,,,,
Korea,1993,,,,
Korea,1994,,,,
Korea,1995,29.2,6.88,1.96,0.67
Korea,1996,32.64,7.27,2.1,0.72
Korea,1997,33.37,7.49,2.14,0.73
Korea,1998,31.43,6.58,1.76,0.56
Korea,1999,33.45,7.55,2.1,0.72
Korea,2000,35.39,8.19,2.35,0.84
Korea,2001,36.25,8.55,2.58,0.95
Korea,2002,38,9.16,2.78,1.06
Korea,2003,38.69,9.22,2.84,1.1
Korea,2004,39.53,9.64,3.03,1.22
Korea,2005,37.78,9.96,3.37,1.35
Korea,2006,41.91,10.78,3.6,1.42
Korea,2007,42.39,11.28,4,1.61
Korea,2008,42.86,11.37,4,1.58
Korea,2009,42.6,11.33,3.96,1.55
Korea,2010,43.3,11.76,4.19,1.65
Korea,2011,44.22,12.25,4.43,1.69
Korea,2012,44.87,12.23,4.35,1.65
Malaysia,1947,,,2.49,0.64
Malaysia,1948,,,2.81,0.72
Malaysia,1949,,,3.42,0.89
Malaysia,1950,,,4.29,1.59
Malaysia,1951,,8.76,3.1,1.04
Malaysia,1952,,,2.83,0.83
Malaysia,1953,,,2.75,0.76
Malaysia,1954,,,2.58,0.69
Malaysia,1955,,10.14,2.96,0.86
Malaysia,1956,,10.48,2.93,0.75
Malaysia,1957,,10.27,2.81,0.69
Malaysia,1958,,10.67,2.8,0.66
Malaysia,1959,,10.64,2.92,0.67
Malaysia,1960,,10.81,2.97,0.71
Malaysia,1961,,11.87,3.34,0.83
Malaysia,1962,,11.07,3.08,0.75
Malaysia,1963,,11.64,3.23,0.75
Malaysia,1964,,12.02,3.38,0.82
Malaysia,1965,,12.99,4.07,1.4
Malaysia,1966,,10.86,2.97,0.71
Malaysia,1967,,10.72,2.9,0.7
Malaysia,1968,,11.7,3.28,0.82
Malaysia,1969,,11.28,3.17,0.76
Malaysia,1970,,10.99,3.09,0.75
Malaysia,1971,,11.51,3.15,0.76
Malaysia,1972,,11.51,3.17,0.79
Malaysia,1973,,10.69,2.99,
Malaysia,1974,,9.29,2.65,
Malaysia,1975,,10.4,2.86,
Malaysia,1976,,,,
Malaysia,1977,,,,
Malaysia,1978,,,,
Malaysia,1979,,,,
Malaysia,1980,,,,
Malaysia,1981,,,,
Malaysia,1982,,,,
Malaysia,1983,,7.87,2.24,
Malaysia,1984,26.93,8.35,2.31,
Malaysia,1985,29.54,9.08,2.48,
Malaysia,1986,32.01,9.66,2.62,
Malaysia,1987,,,,
Malaysia,1988,26.34,7.9,2.12,
Malaysia,1989,,,,
Malaysia,1990,,,,
Malaysia,1991,,,,
Malaysia,1992,,,,
Malaysia,1993,27.61,9.19,3.13,
Malaysia,1994,27.02,8.97,2.98,
Malaysia,1995,26.95,8.88,2.84,
Malaysia,1996,,,,
Malaysia,1997,,,,
Malaysia,1998,,,,
Malaysia,1999,,,,
Malaysia,2000,22.53,8.18,,
Malaysia,2001,23.42,7.96,,
Malaysia,2002,24.69,8.93,,
Malaysia,2003,27.17,9.48,,
Malaysia,2004,,,,
Malaysia,2005,24.73,9.45,,
Malaysia,2006,,,,
Malaysia,2007,,,,
Malaysia,2008,,,,
Malaysia,2009,24.91,9.41,,
Malaysia,2010,24.63,9.43,,
Malaysia,2011,21.28,8.95,,
Malaysia,2012,22.32,9.11,,
Mauritius,1933,,,9.25,
Mauritius,1934,,,7.44,
Mauritius,1935,,,7.22,
Mauritius,1936,,,6.93,
Mauritius,1937,,,7.07,
Mauritius,1938,,,9.9,
Mauritius,1939,,,7.33,
Mauritius,1940,,,9.74,
Mauritius,1941,,,6.05,
Mauritius,1942,,,6.35,
Mauritius,1943,,,6.51,
Mauritius,1944,,,6.36,
Mauritius,1945,,,4.44,
Mauritius,1946,,,3.62,
Mauritius,1947,,11.22,4.35,
Mauritius,1948,,10.82,4.4,
Mauritius,1949,,9.53,3.35,
Mauritius,1950,,,3.67,
Mauritius,1951,,,3.36,
Mauritius,1952,,10,3.41,
Mauritius,1953,,10.03,3.36,
Mauritius,1954,,9.69,3.13,
Mauritius,1955,,9.44,3.08,
Mauritius,1956,,9.95,3.44,
Mauritius,1957,,10.06,3.5,
Mauritius,1958,,9.83,3.26,
Mauritius,1959,,10.81,3.43,
Mauritius,1960,,11.23,3.53,
Mauritius,1961,,11.17,3.64,
Mauritius,1962,,9.49,2.94,
Mauritius,1963,,12.61,4.57,
Mauritius,1964,,11.05,3.48,
Mauritius,1965,,10.44,2.87,
Mauritius,1966,,10.35,2.8,
Mauritius,1967,,10.91,2.82,
Mauritius,1968,,9.77,2.45,
Mauritius,1969,,10.87,2.93,
Mauritius,1970,,11.5,3.08,
Mauritius,1971,,10.44,2.84,
Mauritius,1972,,9.7,2.76,
Mauritius,1973,,,,
Mauritius,1974,,,,
Mauritius,1975,,10.12,3.33,
Mauritius,1976,,8.29,1.98,
Mauritius,1977,,7.48,1.55,
Mauritius,1978,,6.77,1.41,
Mauritius,1979,,6.84,1.57,
Mauritius,1980,21.55,6.72,1.52,
Mauritius,1981,21.72,6.25,1.36,
Mauritius,1982,20.95,5.8,1.23,
Mauritius,1983,20.1,5.39,1.12,
Mauritius,1984,,4.99,1.02,
Mauritius,1985,,4.97,1.1,
Mauritius,1986,,4.95,1.25,
Mauritius,1987,16.44,4.92,1.44,
Mauritius,1988,15.72,4.23,1.2,
Mauritius,1989,15.35,4.76,1.42,
Mauritius,1990,15.55,4.93,,
Mauritius,1991,16.31,5.01,,
Mauritius,1992,,,,
Mauritius,1993,15.03,4.54,,
Mauritius,1994,15.47,4.69,,
Mauritius,1995,15.27,4.62,,
Mauritius,1996,,4.52,,
Mauritius,1997,14.45,4.5,,
Mauritius,1998,,4.75,,
Mauritius,1999,,,,
Mauritius,2000,14.21,,,
Mauritius,2001,,4.85,1.54,
Mauritius,2002,,3.9,1.14,
Mauritius,2003,,5.13,1.66,
Mauritius,2004,15.17,5.28,1.74,
Mauritius,2005,13.96,4.98,1.61,
Mauritius,2006,,5.96,1.92,
Mauritius,2007,,6.52,2.18,
Mauritius,2008,19.09,7.12,2.24,
Mauritius,2009,,,,
Mauritius,2010,,7.03,2.2,
Mauritius,2011,18.33,7.08,,
Netherlands,1914,45.87,20.96,8.63,
Netherlands,1915,51.21,25.58,11.44,
Netherlands,1916,53.31,27.88,13.02,
Netherlands,1917,52.47,26.51,12.39,
Netherlands,1918,48.5,21.95,9.65,
Netherlands,1919,49.48,23.74,10.79,
Netherlands,1920,46.23,20.59,8.92,
Netherlands,1921,44.03,18.29,7.6,
Netherlands,1922,43.19,16.82,6.57,
Netherlands,1923,43.08,16.45,6.3,
Netherlands,1924,43.84,17.34,6.88,
Netherlands,1925,43.87,17.75,7.19,
Netherlands,1926,43.87,17.99,7.26,
Netherlands,1927,44.33,18.37,7.39,
Netherlands,1928,44.58,18.63,7.57,
Netherlands,1929,43.85,18.09,7.1,
Netherlands,1930,43.02,17.15,6.47,2.09
Netherlands,1931,42.18,15.59,5.47,1.7
Netherlands,1932,41.33,14.43,4.79,1.44
Netherlands,1933,41.19,14.2,4.63,1.38
Netherlands,1934,40.82,14.02,4.53,1.34
Netherlands,1935,40.69,14,4.55,1.33
Netherlands,1936,41.1,14.83,5.15,1.68
Netherlands,1937,41.92,16.05,6.13,2.41
Netherlands,1938,41.6,15.68,5.6,1.81
Netherlands,1939,42.02,15.79,5.54,1.71
Netherlands,1940,,,,
Netherlands,1941,45.07,17.64,6.36,
Netherlands,1942,,,,
Netherlands,1943,,,,
Netherlands,1944,,,,
Netherlands,1945,,,,
Netherlands,1946,40.82,12.86,3.74,1.03
Netherlands,1947,,,,
Netherlands,1948,,,,
Netherlands,1949,,,,
Netherlands,1950,36.74,12.05,3.8,
Netherlands,1951,,,,
Netherlands,1952,36.95,12.61,4.22,
Netherlands,1953,36.76,11.99,3.69,
Netherlands,1954,,,,
Netherlands,1955,,,,
Netherlands,1956,,,,
Netherlands,1957,33.98,10.39,2.98,
Netherlands,1958,34.88,11.29,3.62,
Netherlands,1959,34.2,10.43,3.05,
Netherlands,1960,,,,
Netherlands,1961,,,,
Netherlands,1962,34.12,10.58,,
Netherlands,1963,,,,
Netherlands,1964,33.25,10.07,,
Netherlands,1965,,,,
Netherlands,1966,33.05,9.46,,
Netherlands,1967,32.64,9.26,,
Netherlands,1968,,,,
Netherlands,1969,,,,
Netherlands,1970,31.34,8.64,2.12,0.57
Netherlands,1971,,,,
Netherlands,1972,,,,
Netherlands,1973,28.37,6.9,1.59,0.36
Netherlands,1974,,,,
Netherlands,1975,27.47,6.12,1.38,0.33
Netherlands,1976,,,,
Netherlands,1977,27.81,6.01,1.26,
Netherlands,1978,,,,
Netherlands,1979,,,,
Netherlands,1980,,,,
Netherlands,1981,28.46,5.85,1.28,
Netherlands,1982,,,,
Netherlands,1983,,,,
Netherlands,1984,,,,
Netherlands,1985,29.1,5.92,1.21,
Netherlands,1986,,,,
Netherlands,1987,,,,
Netherlands,1988,,,,
Netherlands,1989,28.48,5.7,1.19,
Netherlands,1990,28.2,5.56,1.09,
Netherlands,1991,28.11,5.54,1.14,
Netherlands,1992,27.99,5.5,1.14,
Netherlands,1993,27.96,5.24,0.98,
Netherlands,1994,28.28,5.33,1,
Netherlands,1995,28.45,5.37,1,
Netherlands,1996,28.24,5.39,1.06,
Netherlands,1997,28.21,5.46,1.11,
Netherlands,1998,28.03,5.29,1,
Netherlands,1999,28.09,5.38,1.08,
Netherlands,2000,28.02,5.61,,
Netherlands,2001,29.69,6.64,,
Netherlands,2002,29.82,6.55,,
Netherlands,2003,29.84,6.36,,
Netherlands,2004,30.44,6.66,,
Netherlands,2005,30.69,6.81,,
Netherlands,2006,30.84,6.84,,
Netherlands,2007,31.72,7.57,,
Netherlands,2008,30.69,6.76,,
Netherlands,2009,30.56,6.43,,
Netherlands,2010,30.71,6.45,,
Netherlands,2011,30.6,6.33,,
Netherlands,2012,30.9,6.33,,
New Zealand,1921,,,,
New Zealand,1922,,,,
New Zealand,1923,,,,
New Zealand,1924,,,,
New Zealand,1925,,,,
New Zealand,1926,,,,
New Zealand,1927,,,,
New Zealand,1928,,,,
New Zealand,1929,,,,
New Zealand,1930,,,,
New Zealand,1931,,,,
New Zealand,1932,,,,
New Zealand,1933,,,,
New Zealand,1934,,,,
New Zealand,1935,,,,
New Zealand,1936,,,,
New Zealand,1937,,,,
New Zealand,1938,,,,
New Zealand,1939,,,,
New Zealand,1940,,,,
New Zealand,1941,,,,
New Zealand,1942,,,,
New Zealand,1943,,,,
New Zealand,1944,,,,
New Zealand,1945,,,,
New Zealand,1946,,,,
New Zealand,1947,,,,
New Zealand,1948,,,,
New Zealand,1949,,,,
New Zealand,1950,,,,
New Zealand,1951,,,,
New Zealand,1952,,,,
New Zealand,1953,,,,
New Zealand,1954,,,,
New Zealand,1955,,,,
New Zealand,1956,,,,
New Zealand,1957,,,,
New Zealand,1958,,,,
New Zealand,1959,,,,
New Zealand,1960,,,,
New Zealand,1961,,,,
New Zealand,1962,,,,
New Zealand,1963,,,,
New Zealand,1964,,,,
New Zealand,1965,,,,
New Zealand,1966,,,,
New Zealand,1967,,,,
New Zealand,1968,,,,
New Zealand,1969,,,,
New Zealand,1970,,,,
New Zealand,1971,,,,
New Zealand,1972,,,,
New Zealand,1973,,,,
New Zealand,1974,,,,
New Zealand,1975,,,,
New Zealand,1976,,,,
New Zealand,1977,,,,
New Zealand,1978,,,,
New Zealand,1979,,,,
New Zealand,1980,,,,
New Zealand,1981,,,,
New Zealand,1982,,,,
New Zealand,1983,,,,
New Zealand,1984,,,,
New Zealand,1985,,,,
New Zealand,1986,,,,
New Zealand,1987,,,,
New Zealand,1988,,,,
New Zealand,1989,,,,
New Zealand,1990,,,,
New Zealand,1991,,,,
New Zealand,1992,,,,
New Zealand,1993,,,,
New Zealand,1994,,,,
New Zealand,1995,,,,
New Zealand,1996,,,,
New Zealand,1997,,,,
New Zealand,1998,,,,
New Zealand,1999,,,,
New Zealand,2000,,,,
New Zealand,2001,,,,
New Zealand,2002,,,,
New Zealand,2003,,,,
New Zealand,2004,,,,
New Zealand,2005,,,,
New Zealand,2006,,,,
New Zealand,2007,,,,
New Zealand,2008,,,,
New Zealand,2009,,,,
New Zealand,2010,,,,
New Zealand,2011,,,,
Norway,1875,40,18.37,7.89,
Norway,1876,,,,
Norway,1877,,,,
Norway,1878,,,,
Norway,1879,,,,
Norway,1880,,,,
Norway,1881,,,,
Norway,1882,,,,
Norway,1883,,,,
Norway,1884,,,,
Norway,1885,,,,
Norway,1886,,,,
Norway,1887,,,,
Norway,1888,48.93,20.53,,
Norway,1889,,,,
Norway,1890,,,,
Norway,1891,,,,
Norway,1892,45.95,20.48,,
Norway,1893,,20.14,,
Norway,1894,,20.52,,
Norway,1895,,20.51,9.08,
Norway,1896,,19.85,8.81,
Norway,1897,,20.35,9.18,
Norway,1898,,20.79,9.44,
Norway,1899,,20.38,9.21,
Norway,1900,,20.18,9.43,
Norway,1901,,19.84,9.09,
Norway,1902,,19.71,8.9,
Norway,1903,,19.46,8.74,
Norway,1904,,,,
Norway,1905,,,,
Norway,1906,42.19,17.98,8.03,
Norway,1907,,,,
Norway,1908,,,,
Norway,1909,,,,
Norway,1910,29.89,10.45,,
Norway,1911,,,,
Norway,1912,,,,
Norway,1913,33.21,11.61,,
Norway,1914,,,,
Norway,1915,,,,
Norway,1916,,,,
Norway,1917,,,,
Norway,1918,,,,
Norway,1919,,,,
Norway,1920,,,,
Norway,1921,,,,
Norway,1922,,,,
Norway,1923,,,,
Norway,1924,,,,
Norway,1925,,,,
Norway,1926,,,,
Norway,1927,,,,
Norway,1928,,,,
Norway,1929,41.32,12.57,4.35,
Norway,1930,,,,
Norway,1931,,,,
Norway,1932,,,,
Norway,1933,,,,
Norway,1934,,,,
Norway,1935,,,,
Norway,1936,,,,
Norway,1937,,,,
Norway,1938,,12.72,4.56,
Norway,1939,,,,
Norway,1940,,,,
Norway,1941,,,,
Norway,1942,,,,
Norway,1943,,,,
Norway,1944,,,,
Norway,1945,,,,
Norway,1946,,,,
Norway,1947,,,,
Norway,1948,34.38,9.1,2.83,
Norway,1949,34.02,8.88,2.74,
Norway,1950,34.1,8.76,2.63,
Norway,1951,32.31,8.16,2.51,
Norway,1952,31.39,6.93,1.87,
Norway,1953,33.08,7.14,1.83,
Norway,1954,31.79,6.86,1.7,
Norway,1955,32.61,7.2,1.9,
Norway,1956,,,,
Norway,1957,32.72,7.88,2.35,
Norway,1958,34.72,7.76,2.01,
Norway,1959,34.2,7.39,1.77,
Norway,1960,32.17,6.94,1.62,
Norway,1961,31.77,6.76,1.53,
Norway,1962,32.2,6.57,1.42,
Norway,1963,32.03,6.43,1.35,
Norway,1964,31.45,6.28,1.31,
Norway,1965,30.65,5.99,1.23,
Norway,1966,31.05,5.99,1.2,
Norway,1967,30.38,5.67,1.08,
Norway,1968,30.77,5.8,1.13,
Norway,1969,30.96,5.93,1.18,
Norway,1970,29.84,5.85,1.21,
Norway,1971,30.4,5.91,1.21,
Norway,1972,29.94,5.74,1.17,
Norway,1973,29.24,5.64,1.14,
Norway,1974,28.58,5.48,1.13,
Norway,1975,29.03,5.41,1.07,
Norway,1976,29.36,5.31,1,
Norway,1977,29.63,5.33,1,
Norway,1978,27.22,4.93,0.94,
Norway,1979,26.58,4.91,1.02,
Norway,1980,25.26,4.6,0.98,
Norway,1981,24.67,4.47,0.94,
Norway,1982,24.36,4.43,0.97,
Norway,1983,24,4.42,0.98,
Norway,1984,23.57,4.39,1,
Norway,1985,23.64,4.45,1.01,
Norway,1986,23.11,4.37,0.99,
Norway,1987,23.11,4.41,1.01,
Norway,1988,22.73,4.33,0.94,
Norway,1989,21.83,4.13,0.9,
Norway,1990,22.19,4.28,0.93,
Norway,1991,22.27,4.37,0.94,
Norway,1992,23.27,5.38,1.5,
Norway,1993,25.57,6.97,2.4,
Norway,1994,26.91,7.43,2.53,
Norway,1995,26.86,7.36,2.56,
Norway,1996,27.84,7.96,3,
Norway,1997,29.09,8.61,3.28,
Norway,1998,27.96,7.99,2.86,
Norway,1999,28.31,8.38,3.11,
Norway,2000,30.45,10.31,4.4,
Norway,2001,26.87,7.36,2.47,
Norway,2002,28.9,9.61,4.16,
Norway,2003,29.82,10.4,4.58,
Norway,2004,31.7,11.62,5.49,
Norway,2005,37.06,16.49,8.25,
Norway,2006,28.22,7.86,2.62,
Norway,2007,28.97,8.54,2.92,
Norway,2008,27.11,7.7,2.49,
Norway,2009,26.95,7.11,2.09,
Norway,2010,27.99,7.74,2.5,
Norway,2011,28.33,7.8,2.44,
Portugal,1936,,,5.24,2.07
Portugal,1937,,,4.68,1.83
Portugal,1938,,,4.78,1.91
Portugal,1939,,,4.59,1.69
Portugal,1940,,,5.16,1.94
Portugal,1941,,,5.23,1.93
Portugal,1942,,,4.41,1.54
Portugal,1943,,,3.95,1.5
Portugal,1944,,,3.97,1.63
Portugal,1945,,,3.42,1.46
Portugal,1946,,,3.12,1.2
Portugal,1947,,,3.35,1.05
Portugal,1948,,,3.55,1.12
Portugal,1949,,,3.57,1.09
Portugal,1950,,,3.69,1.14
Portugal,1951,,,3.56,1.1
Portugal,1952,,,3.67,1.11
Portugal,1953,,,3.58,1.08
Portugal,1954,,,3.6,1.13
Portugal,1955,,,3.5,1.09
Portugal,1956,,,3.28,0.97
Portugal,1957,,,3.32,0.93
Portugal,1958,,,3.49,0.94
Portugal,1959,,,3.62,1
Portugal,1960,,,3.25,0.94
Portugal,1961,,,3.36,0.94
Portugal,1962,,,3.2,0.79
Portugal,1963,,,3.1,0.81
Portugal,1964,,,3.15,0.74
Portugal,1965,,,3.25,0.92
Portugal,1966,,,3.33,0.83
Portugal,1967,,,3.26,0.78
Portugal,1968,,,3.13,0.75
Portugal,1969,,,3.12,0.76
Portugal,1970,,,2.91,0.79
Portugal,1971,,,2.49,0.78
Portugal,1972,,,2.47,0.78
Portugal,1973,,,2.45,0.7
Portugal,1974,,,1.89,0.4
Portugal,1975,,,1.45,0.37
Portugal,1976,31.71,7.89,1.3,0.38
Portugal,1977,26.84,6.4,1.3,0.3
Portugal,1978,24.93,5.77,1.15,0.36
Portugal,1979,20.32,4.52,0.78,
Portugal,1980,18.77,4.32,0.81,
Portugal,1981,18.84,3.97,0.73,
Portugal,1982,20.99,4.79,0.73,
Portugal,1983,,,,
Portugal,1984,,,,
Portugal,1985,,,,
Portugal,1986,,,,
Portugal,1987,,,,
Portugal,1988,,,,
Portugal,1989,30.2,6.84,1.53,0.45
Portugal,1990,31.19,7.21,1.6,0.45
Portugal,1991,32.43,7.46,1.55,0.4
Portugal,1992,33.15,7.58,1.53,0.35
Portugal,1993,34.68,8.06,1.64,0.37
Portugal,1994,35.02,8.19,1.69,0.37
Portugal,1995,35.38,8.41,1.79,0.39
Portugal,1996,35.07,8.45,1.84,0.41
Portugal,1997,35.76,8.78,1.97,0.45
Portugal,1998,35.45,8.78,1.98,0.45
Portugal,1999,36.18,9.23,2.23,0.54
Portugal,2000,36.13,9.09,2.1,0.49
Portugal,2001,37.84,9.65,2.43,0.62
Portugal,2002,36.77,8.97,2.05,0.47
Portugal,2003,36.41,9.13,2.26,0.68
Portugal,2004,38.24,9.62,2.31,0.6
Portugal,2005,38.25,9.77,2.48,0.69
Singapore,1947,,10.94,3.34,0.99
Singapore,1948,,10.93,3.31,0.99
Singapore,1949,,10.38,3.24,0.92
Singapore,1950,,12.74,4.46,1.32
Singapore,1951,,14.79,5.79,2.12
Singapore,1952,,13.8,5.32,2.04
Singapore,1953,,12.49,4.48,1.68
Singapore,1954,,12.39,4.28,1.63
Singapore,1955,,,,
Singapore,1956,,12.42,3.68,0.98
Singapore,1957,,12.29,3.5,0.83
Singapore,1958,,11.7,3.17,0.74
Singapore,1959,,13.05,3.72,0.87
Singapore,1960,,10.97,3.15,0.8
Singapore,1961,,11.19,3.12,0.74
Singapore,1962,,11.07,3.04,0.75
Singapore,1963,,10.93,2.98,0.71
Singapore,1964,,12.62,3.37,0.84
Singapore,1965,,10.91,2.83,0.64
Singapore,1966,,10.36,2.61,0.55
Singapore,1967,,10.23,2.62,0.59
Singapore,1968,,10.63,3.06,0.92
Singapore,1969,,10.18,2.86,0.75
Singapore,1970,,10.77,2.99,0.82
Singapore,1971,,10.57,2.89,0.74
Singapore,1972,,10.8,3.08,0.85
Singapore,1973,,11.15,3.38,
Singapore,1974,30.69,10.46,2.9,
Singapore,1975,31.4,10.57,2.84,
Singapore,1976,31.39,10.41,2.78,
Singapore,1977,30.58,10.02,2.66,
Singapore,1978,31.97,10.3,2.63,
Singapore,1979,34.46,11.15,2.84,
Singapore,1980,32.07,10.59,2.8,
Singapore,1981,32.14,10.6,2.78,
Singapore,1982,33.22,10.79,2.93,
Singapore,1983,32.12,10.45,2.81,
Singapore,1984,31.74,10.17,2.77,
Singapore,1985,33.8,10.67,2.89,
Singapore,1986,32.76,10.26,2.6,
Singapore,1987,36.01,11.41,2.96,0.81
Singapore,1988,33.95,10.72,2.76,0.76
Singapore,1989,34.67,11.3,3.17,1.05
Singapore,1990,35.04,11.22,2.99,0.79
Singapore,1991,33.09,10.43,2.73,0.72
Singapore,1992,,,,
Singapore,1993,32.37,10.53,3.03,
Singapore,1994,30.41,10.02,3.11,
Singapore,1995,30.18,9.84,3.13,
Singapore,1996,30.91,9.99,3.09,
Singapore,1997,30.79,10.31,3.27,
Singapore,1998,32.64,11.1,3.53,
Singapore,1999,36.28,12.78,4.24,
Singapore,2000,38.06,13.26,4.43,
Singapore,2001,43.87,15.07,4.74,
Singapore,2002,43.53,15.06,4.95,
Singapore,2003,41.36,14.24,4.51,
Singapore,2004,38.92,13.6,4.36,
Singapore,2005,38.25,13.6,4.39,
Singapore,2006,39.24,14.23,4.76,
Singapore,2007,37.82,14.06,4.98,
Singapore,2008,43.6,15.15,4.91,
Singapore,2009,41.35,13.66,4.02,
Singapore,2010,39.62,13.39,4.18,
Singapore,2011,41.85,13.85,4.23,
Singapore,2012,41.81,13.57,4.06,
South Africa,1913,,,,
South Africa,1914,,,,
South Africa,1915,,,,
South Africa,1916,,,,
South Africa,1917,,,,
South Africa,1918,,,,
South Africa,1919,,,,
South Africa,1920,,,,
South Africa,1921,,,,
South Africa,1922,,,,
South Africa,1923,,,,
South Africa,1924,,,,
South Africa,1925,,,,
South Africa,1926,,,,
South Africa,1927,,,,
South Africa,1928,,,,
South Africa,1929,,,,
South Africa,1930,,,,
South Africa,1931,,,,
South Africa,1932,,,,
South Africa,1933,,,,
South Africa,1934,,,,
South Africa,1935,,,,
South Africa,1936,,,,
South Africa,1937,,,,
South Africa,1938,,,,
South Africa,1939,,,,
South Africa,1940,,,,
South Africa,1941,,,,
South Africa,1942,,,,
South Africa,1943,,,,
South Africa,1944,,,,
South Africa,1945,,,,
South Africa,1946,,,,
South Africa,1947,,,,
South Africa,1948,,,,
South Africa,1949,,,,
South Africa,1950,,,,
South Africa,1951,,,,
South Africa,1952,,,,
South Africa,1953,,,,
South Africa,1954,,,,
South Africa,1955,,,,
South Africa,1956,,,,
South Africa,1957,,,,
South Africa,1958,,,,
South Africa,1959,,,,
South Africa,1960,,,,
South Africa,1961,,,,
South Africa,1962,,,,
South Africa,1963,,,,
South Africa,1964,,,,
South Africa,1965,,,,
South Africa,1966,,,,
South Africa,1967,,,,
South Africa,1968,,,,
South Africa,1969,,,,
South Africa,1970,,,,
South Africa,1971,,,,
South Africa,1972,,,,
South Africa,1973,,,,
South Africa,1974,,,,
South Africa,1975,,,,
South Africa,1976,,,,
South Africa,1977,,,,
South Africa,1978,,,,
South Africa,1979,,,,
South Africa,1980,,,,
South Africa,1981,,,,
South Africa,1982,,,,
South Africa,1983,,,,
South Africa,1984,,,,
South Africa,1985,,,,
South Africa,1986,,,,
South Africa,1987,,,,
South Africa,1988,,,,
South Africa,1989,,,,
South Africa,1990,,,,
South Africa,1991,,,,
South Africa,1992,,,,
South Africa,1993,,,,
South Africa,1994,,,,
South Africa,1995,,,,
South Africa,1996,,,,
South Africa,1997,,,,
South Africa,1998,,,,
South Africa,1999,,,,
South Africa,2000,,,,
South Africa,2001,,,,
South Africa,2002,,,,
South Africa,2003,,,,
South Africa,2004,,,,
South Africa,2005,,,,
South Africa,2006,,,,
South Africa,2007,,,,
South Africa,2008,,,,
South Africa,2009,,,,
South Africa,2010,,,,
South Africa,2011,,,,
Spain,1933,,,,1.41
Spain,1934,,,,1.4
Spain,1935,,,,1.53
Spain,1936,,,,
Spain,1937,,,,
Spain,1938,,,,
Spain,1939,,,,
Spain,1940,,,,1.31
Spain,1941,,,,1.38
Spain,1942,,,,1.2
Spain,1943,,,,1.16
Spain,1944,,,,1.06
Spain,1945,,,,1.12
Spain,1946,,,,1.04
Spain,1947,,,,0.86
Spain,1948,,,,0.82
Spain,1949,,,,0.81
Spain,1950,,,,0.7
Spain,1951,,,,0.62
Spain,1952,,,,0.64
Spain,1953,,,,0.63
Spain,1954,,,2.63,0.73
Spain,1955,,,2.77,0.74
Spain,1956,,,,
Spain,1957,,,2.27,0.6
Spain,1958,,,2.13,0.56
Spain,1959,,,2.23,0.6
Spain,1960,,,,
Spain,1961,,,1.88,0.52
Spain,1962,,,,
Spain,1963,,,,
Spain,1964,,,,
Spain,1965,,,,
Spain,1966,,,,
Spain,1967,,,,
Spain,1968,,,,
Spain,1969,,,,
Spain,1970,,,,
Spain,1971,,,1.86,0.51
Spain,1972,,,,
Spain,1973,,,,
Spain,1974,,,,
Spain,1975,,,,
Spain,1976,,,,
Spain,1977,,,,
Spain,1978,,,,
Spain,1979,,,,
Spain,1980,,,,
Spain,1981,32.61,7.5,1.87,0.52
Spain,1982,32.96,7.75,2,0.58
Spain,1983,33.29,7.65,1.88,0.54
Spain,1984,33.56,7.61,1.85,0.54
Spain,1985,33.72,7.75,1.9,0.53
Spain,1986,34.66,8.21,2.16,0.68
Spain,1987,34.84,8.4,2.26,0.77
Spain,1988,35.05,8.36,2.17,0.69
Spain,1989,35.66,8.46,2.18,0.65
Spain,1990,35.35,8.36,2.14,0.62
Spain,1991,34.58,8.08,2.03,0.57
Spain,1992,33.93,8.2,2.06,0.56
Spain,1993,33.19,7.83,1.92,0.51
Spain,1994,33.55,7.89,1.95,0.51
Spain,1995,33.37,7.88,1.96,0.51
Spain,1996,33.3,7.89,1.97,0.51
Spain,1997,32.82,7.91,2.04,0.54
Spain,1998,33,8.08,2.14,0.6
Spain,1999,33.51,8.5,2.38,0.73
Spain,2000,33.45,8.65,2.51,0.82
Spain,2001,33.36,8.62,2.46,0.8
Spain,2002,32.93,8.42,2.35,0.68
Spain,2003,33.2,8.56,2.44,0.72
Spain,2004,33.24,8.67,2.5,0.76
Spain,2005,33.32,8.8,2.62,0.87
Spain,2006,33.85,9.14,2.84,1.07
Spain,2007,33.33,9.03,2.87,1.04
Spain,2008,32.84,8.74,2.69,0.91
Spain,2009,32.46,8.52,2.62,0.9
Spain,2010,32.09,8.14,2.4,0.8
Spain,2011,32.42,8.53,2.67,0.93
Spain,2012,31.64,8.2,2.49,0.83
Sweden,1903,46.79,26.99,8.66,2.79
Sweden,1904,,,,
Sweden,1905,,,,
Sweden,1906,,,,
Sweden,1907,45.42,21.46,8.72,2.99
Sweden,1908,,,,
Sweden,1909,,,,
Sweden,1910,,,,
Sweden,1911,43.9,19.57,8.11,3.02
Sweden,1912,45.59,20.92,8.99,3.55
Sweden,1913,,,,
Sweden,1914,,,,
Sweden,1915,,,,
Sweden,1916,52.97,28.04,13.7,5.12
Sweden,1917,,,,
Sweden,1918,,,,
Sweden,1919,41.91,16.33,7.33,2.91
Sweden,1920,35.83,13.48,5.23,1.84
Sweden,1921,,,,
Sweden,1922,,,,
Sweden,1923,,,,
Sweden,1924,,,,
Sweden,1925,,,,
Sweden,1926,,,,
Sweden,1927,,,,
Sweden,1928,,,,
Sweden,1929,,,,
Sweden,1930,38.41,13.74,4.82,1.52
Sweden,1931,,,,
Sweden,1932,,,,
Sweden,1933,,,,
Sweden,1934,38.06,11.95,3.83,1.12
Sweden,1935,36.18,12.32,4.22,1.21
Sweden,1936,,,,
Sweden,1937,,,,
Sweden,1938,,,,
Sweden,1939,,,,
Sweden,1940,,,,
Sweden,1941,34.09,10.29,3.01,0.84
Sweden,1942,,,,
Sweden,1943,35.61,10.44,2.99,0.78
Sweden,1944,34.84,10.04,2.85,0.77
Sweden,1945,34.23,9.77,2.72,0.7
Sweden,1946,34.29,10.07,2.91,0.8
Sweden,1947,32.09,8.62,2.35,0.6
Sweden,1948,30.77,7.9,2.06,0.5
Sweden,1949,30.35,7.64,1.96,0.48
Sweden,1950,30.25,7.59,1.94,0.47
Sweden,1951,29.84,7.33,1.94,0.51
Sweden,1952,29.08,6.8,1.73,0.44
Sweden,1953,29.6,6.9,1.75,0.45
Sweden,1954,29.21,6.9,1.75,0.44
Sweden,1955,28.82,6.78,1.69,0.41
Sweden,1956,28.83,6.65,1.64,0.4
Sweden,1957,29.21,6.81,1.67,0.4
Sweden,1958,29.52,6.81,1.65,0.4
Sweden,1959,30.06,7,1.69,0.4
Sweden,1960,30.35,6.83,1.6,0.37
Sweden,1961,30.36,6.77,1.55,0.35
Sweden,1962,30.08,6.65,1.5,0.34
Sweden,1963,29.95,6.64,1.5,0.33
Sweden,1964,29.8,6.5,1.43,0.31
Sweden,1965,29.69,6.47,1.42,0.31
Sweden,1966,29.58,6.35,1.37,0.29
Sweden,1967,30.33,6.55,1.38,0.29
Sweden,1968,30.39,6.57,1.39,0.29
Sweden,1969,30.02,6.41,1.34,0.28
Sweden,1970,29.36,6.16,1.28,0.26
Sweden,1971,28.36,5.8,1.19,0.24
Sweden,1972,27.89,5.67,1.15,0.23
Sweden,1973,27.56,5.57,1.13,0.23
Sweden,1974,27.07,5.47,1.12,0.23
Sweden,1975,26.38,5.29,1.07,0.23
Sweden,1976,25.55,4.95,0.96,0.19
Sweden,1977,24.72,4.69,0.83,0.21
Sweden,1978,23.99,4.47,0.83,0.18
Sweden,1979,23.47,4.25,0.77,0.18
Sweden,1980,22.73,4.05,0.74,0.17
Sweden,1981,22.4,3.97,0.76,0.19
Sweden,1982,22.33,3.98,0.77,0.19
Sweden,1983,22.42,4.08,0.81,0.25
Sweden,1984,22.3,4.13,0.82,0.25
Sweden,1985,22.33,4.12,0.8,0.24
Sweden,1986,22.35,4.11,0.77,0.23
Sweden,1987,22.54,4.24,0.86,0.26
Sweden,1988,22.53,4.38,0.99,0.31
Sweden,1989,22.55,4.48,1.07,0.4
Sweden,1990,22.75,4.38,1.02,0.34
Sweden,1991,24.33,5.1,1.3,0.39
Sweden,1992,24.33,5.04,1.22,0.35
Sweden,1993,24.63,5.22,1.3,0.37
Sweden,1994,25.23,5.53,1.45,0.41
Sweden,1995,24.93,5.25,1.31,0.38
Sweden,1996,25.56,5.59,1.41,0.4
Sweden,1997,25.82,5.72,1.47,0.43
Sweden,1998,25.91,5.87,1.57,0.45
Sweden,1999,26.12,6.01,1.62,0.48
Sweden,2000,26.72,5.97,1.93,0.61
Sweden,2001,26.76,5.95,1.86,0.57
Sweden,2002,26.43,5.67,1.69,0.51
Sweden,2003,26.12,5.52,1.7,0.58
Sweden,2004,26.34,5.72,1.73,0.58
Sweden,2005,26.96,6.28,1.91,0.64
Sweden,2006,27.3,6.61,2.21,0.83
Sweden,2007,27.76,6.91,2.28,0.85
Sweden,2008,28.07,7.09,2.39,0.93
Sweden,2009,27.93,6.72,2.12,0.85
Sweden,2010,28.27,6.91,2.22,0.85
Sweden,2011,28.33,7.02,2.19,0.75
Sweden,2012,27.9,7.13,2.37,0.93
Switzerland,1933,31.16,9.98,3.27,0.94
Switzerland,1934,30.92,9.69,3.14,0.91
Switzerland,1935,,,,
Switzerland,1936,30.47,9.94,3.35,0.98
Switzerland,1937,,,,
Switzerland,1938,,,,
Switzerland,1939,32.94,11.78,4.36,1.52
Switzerland,1940,,,,
Switzerland,1941,,,,
Switzerland,1942,,,,
Switzerland,1943,32.59,10.54,3.71,1.43
Switzerland,1944,,,,
Switzerland,1945,33.24,10.49,3.44,1.1
Switzerland,1946,,,,
Switzerland,1947,31.58,10.01,3.26,1.03
Switzerland,1948,,,,
Switzerland,1949,32.29,9.88,3.23,0.96
Switzerland,1950,,,,
Switzerland,1951,31.29,9.91,3.37,1.07
Switzerland,1952,,,,
Switzerland,1953,30.33,9.78,3.3,1.05
Switzerland,1954,,,,
Switzerland,1955,29.72,9.78,3.24,0.97
Switzerland,1956,,,,
Switzerland,1957,30.99,10.11,3.31,1.03
Switzerland,1958,,,,
Switzerland,1959,31.47,10.54,3.5,1.09
Switzerland,1960,,,,
Switzerland,1961,31.56,10.87,3.62,1.06
Switzerland,1962,,,,
Switzerland,1963,31.72,10.91,3.64,1.12
Switzerland,1964,,,,
Switzerland,1965,31.6,10.67,3.5,1.05
Switzerland,1966,,,,
Switzerland,1967,32.29,10.86,3.58,1.08
Switzerland,1968,,,,
Switzerland,1969,32.7,11,3.66,1.14
Switzerland,1970,,,,
Switzerland,1971,32.49,10.81,3.62,1.14
Switzerland,1972,,,,
Switzerland,1973,30.96,9.77,3.2,1.04
Switzerland,1974,,,,
Switzerland,1975,30.29,8.79,2.68,0.83
Switzerland,1976,,,,
Switzerland,1977,29.93,8.49,2.56,0.79
Switzerland,1978,,,,
Switzerland,1979,29.89,8.4,2.51,0.76
Switzerland,1980,,,,
Switzerland,1981,29.87,8.4,2.58,0.84
Switzerland,1982,,,,
Switzerland,1983,29.88,8.39,2.62,0.86
Switzerland,1984,,,,
Switzerland,1985,30.35,9.05,3.16,1.25
Switzerland,1986,,,,
Switzerland,1987,30.78,9.07,2.94,0.96
Switzerland,1988,,,,
Switzerland,1989,30.78,9.22,3.15,1.15
Switzerland,1990,,,,
Switzerland,1991,29.99,8.6,2.85,1
Switzerland,1992,,,,
Switzerland,1993,29.65,8.42,2.82,0.98
Switzerland,1994,,,,
Switzerland,1995,29.94,8.48,2.81,1.01
Switzerland,1996,30.46,8.85,3.05,1.13
Switzerland,1997,30.37,8.86,3.1,1.15
Switzerland,1998,30.91,9.1,3.21,1.19
Switzerland,1999,31.9,10.25,3.99,1.67
Switzerland,2000,32.32,10.42,3.95,1.56
Switzerland,2001,31.87,10.06,3.89,1.67
Switzerland,2002,31.22,9.33,3.34,1.28
Switzerland,2003,31.07,9.38,3.5,1.48
Switzerland,2004,31.58,9.64,3.64,1.52
Switzerland,2005,31.88,9.84,3.66,1.51
Switzerland,2006,32.65,10.3,3.89,1.61
Switzerland,2007,33.25,10.91,4.27,1.78
Switzerland,2008,33.63,10.96,4.25,1.8
Switzerland,2009,33.15,10.54,4.06,1.73
Switzerland,2010,33.48,10.63,4.03,1.66
Taiwan,1977,25.21,6.52,1.9,0.71
Taiwan,1978,25.28,6.55,2.03,0.85
Taiwan,1979,24.29,6.24,1.87,0.7
Taiwan,1980,23.43,6.03,1.8,0.68
Taiwan,1981,23.64,5.93,1.75,0.68
Taiwan,1982,24.91,6.2,1.69,0.64
Taiwan,1983,24.92,6.18,1.63,0.54
Taiwan,1984,25.89,6.5,1.74,0.61
Taiwan,1985,27.08,6.84,1.93,0.75
Taiwan,1986,27.06,6.73,1.84,0.65
Taiwan,1987,28.03,7.49,2.52,1.2
Taiwan,1988,27.41,7.2,2.19,0.84
Taiwan,1989,28.91,8.14,2.84,1.32
Taiwan,1990,29.38,7.79,2.45,0.97
Taiwan,1991,29.29,8.05,2.9,1.44
Taiwan,1992,28.95,7.4,2.24,0.89
Taiwan,1993,27.77,6.95,2.08,0.83
Taiwan,1994,28.63,7.29,2.02,0.86
Taiwan,1995,28.79,7.3,2.22,0.91
Taiwan,1996,29.16,7.3,2.14,0.84
Taiwan,1997,29.32,7.53,2.26,0.87
Taiwan,1998,30.68,8,2.48,0.98
Taiwan,1999,29.7,7.9,2.49,0.98
Taiwan,2000,31.29,8.85,3.1,1.32
Taiwan,2001,32.54,9.15,3.2,1.4
Taiwan,2002,30.43,8.57,3.08,1.41
Taiwan,2003,30.99,9.19,3.6,1.71
Taiwan,2004,31.68,9.12,3.22,1.39
Taiwan,2005,33.4,9.88,3.62,1.61
Taiwan,2006,33.5,9.94,3.66,1.65
Taiwan,2007,35.28,10.77,4.03,1.76
Taiwan,2008,36.85,11.38,4.37,1.98
Taiwan,2009,33.71,9.66,3.28,1.37
Taiwan,2010,36.4,11.2,4.21,1.92
Taiwan,2011,37.64,11.74,4.5,2.06
Taiwan,2012,38.22,11.31,4.13,1.81
Taiwan,2013,36.39,10.68,3.86,1.68
Tanzania,1948,,,4.39,
Tanzania,1949,,,5.27,
Tanzania,1950,,,6.44,
Tanzania,1951,,,8.01,
Tanzania,1952,,,8.74,
Tanzania,1953,,,7.22,
Tanzania,1954,,,6.48,
Tanzania,1955,,,6.62,
Tanzania,1956,,,6.13,
Tanzania,1957,,,6.05,1.31
Tanzania,1958,,,6.23,1.41
Tanzania,1959,,,5.87,1.4
Tanzania,1960,,,6.56,1.57
Tanzania,1961,,,6.55,1.49
Tanzania,1962,,,6.38,1.39
Tanzania,1963,,,6.18,1.43
Tanzania,1964,,,5.34,1.21
Tanzania,1965,,,5.81,1.38
Tanzania,1966,,,4.8,0.99
Tanzania,1967,,,4.88,1
Tanzania,1968,,,4.75,0.97
Tanzania,1969,,,4.74,0.97
Tanzania,1970,,,4.73,1.04
United Kingdom,1908,,,,
United Kingdom,1909,,,,
United Kingdom,1910,,,,
United Kingdom,1911,,,,
United Kingdom,1912,,,,
United Kingdom,1913,,,,
United Kingdom,1914,,,,
United Kingdom,1915,,,,
United Kingdom,1916,,,,
United Kingdom,1917,,,,
United Kingdom,1918,,,,
United Kingdom,1919,,,,
United Kingdom,1920,,,,
United Kingdom,1921,,,,
United Kingdom,1922,,,,
United Kingdom,1923,,,,
United Kingdom,1924,,,,
United Kingdom,1925,,,,
United Kingdom,1926,,,,
United Kingdom,1927,,,,
United Kingdom,1928,,,,
United Kingdom,1929,,,,
United Kingdom,1930,,,,
United Kingdom,1931,,,,
United Kingdom,1932,,,,
United Kingdom,1933,,,,
United Kingdom,1934,,,,
United Kingdom,1935,,,,
United Kingdom,1936,,,,
United Kingdom,1937,,,,
United Kingdom,1938,,,,
United Kingdom,1939,,,,
United Kingdom,1940,,,,
United Kingdom,1941,,,,
United Kingdom,1942,,,,
United Kingdom,1943,,,,
United Kingdom,1944,,,,
United Kingdom,1945,,,,
United Kingdom,1946,,,,
United Kingdom,1947,,,,
United Kingdom,1948,,,,
United Kingdom,1949,,,,
United Kingdom,1950,,,,
United Kingdom,1951,,,,
United Kingdom,1952,,,,
United Kingdom,1953,,,,
United Kingdom,1954,,,,
United Kingdom,1955,,,,
United Kingdom,1956,,,,
United Kingdom,1957,,,,
United Kingdom,1958,,,,
United Kingdom,1959,,,,
United Kingdom,1960,,,,
United Kingdom,1961,,,,
United Kingdom,1962,,,,
United Kingdom,1963,,,,
United Kingdom,1964,,,,
United Kingdom,1965,,,,
United Kingdom,1966,,,,
United Kingdom,1967,,,,
United Kingdom,1968,,,,
United Kingdom,1969,,,,
United Kingdom,1970,,,,
United Kingdom,1971,,,,
United Kingdom,1972,,,,
United Kingdom,1973,,,,
United Kingdom,1974,,,,
United Kingdom,1975,,,,
United Kingdom,1976,,,,
United Kingdom,1977,,,,
United Kingdom,1978,,,,
United Kingdom,1979,,,,
United Kingdom,1980,,,,
United Kingdom,1981,,,,
United Kingdom,1982,,,,
United Kingdom,1983,,,,
United Kingdom,1984,,,,
United Kingdom,1985,,,,
United Kingdom,1986,,,,
United Kingdom,1987,,,,
United Kingdom,1988,,,,
United Kingdom,1989,,,,
United Kingdom,1990,,,,
United Kingdom,1991,,,,
United Kingdom,1992,,,,
United Kingdom,1993,,,,
United Kingdom,1994,,,,
United Kingdom,1995,,,,
United Kingdom,1996,,,,
United Kingdom,1997,,,,
United Kingdom,1998,,,,
United Kingdom,1999,,,,
United Kingdom,2000,,,,
United Kingdom,2001,,,,
United Kingdom,2002,,,,
United Kingdom,2003,,,,
United Kingdom,2004,,,,
United Kingdom,2005,,,,
United Kingdom,2006,,,,
United Kingdom,2007,,,,
United Kingdom,2008,,,,
United Kingdom,2009,,,,
United Kingdom,2010,,,,
United Kingdom,2011,,,,
United Kingdom,2012,,,,
United States,1913,,17.96,8.62,2.76
United States,1914,,18.16,8.6,2.73
United States,1915,,17.58,9.22,4.36
United States,1916,,18.57,9.87,4.4
United States,1917,40.29,17.6,8.36,3.33
United States,1918,39.9,15.88,6.74,2.45
United States,1919,39.48,15.87,6.45,2.22
United States,1920,38.1,14.46,5.37,1.67
United States,1921,42.86,15.47,5.6,1.69
United States,1922,42.95,16.29,6.17,2.01
United States,1923,40.59,14.99,5.5,1.75
United States,1924,43.26,16.32,6.14,2.01
United States,1925,44.17,17.6,6.75,2.35
United States,1926,44.07,18.01,7.07,2.54
United States,1927,44.67,18.68,7.47,2.76
United States,1928,46.09,19.6,8.19,3.23
United States,1929,43.76,18.42,7.62,3.01
United States,1930,43.07,16.42,6.4,2.39
United States,1931,44.4,15.27,5.68,2.07
United States,1932,46.3,15.48,5.9,1.93
United States,1933,45.03,15.77,6.05,2.04
United States,1934,45.16,15.87,5.82,1.92
United States,1935,43.39,15.63,5.8,1.95
United States,1936,44.77,17.64,6.69,2.23
United States,1937,43.35,16.45,6.16,2.02
United States,1938,43,14.73,5.16,1.67
United States,1939,44.57,15.39,5.45,1.74
United States,1940,44.43,15.73,5.57,1.77
United States,1941,41.02,15.01,5.29,1.63
United States,1942,35.49,12.91,4.48,1.32
United States,1943,32.67,11.48,3.78,0.97
United States,1944,31.55,10.54,3.33,0.92
United States,1945,32.64,11.07,3.32,0.84
United States,1946,34.62,11.76,3.43,0.92
United States,1947,33.02,10.95,3.24,0.9
United States,1948,33.72,11.27,3.44,0.95
United States,1949,33.76,10.95,3.34,0.95
United States,1950,33.87,11.36,3.53,0.83
United States,1951,32.82,10.52,3.12,0.87
United States,1952,32.07,9.76,2.76,0.75
United States,1953,31.38,9.08,2.51,0.67
United States,1954,32.12,9.39,2.57,0.71
United States,1955,31.77,9.18,2.49,0.72
United States,1956,31.81,9.09,2.38,0.68
United States,1957,31.69,8.98,2.36,0.66
United States,1958,32.11,8.83,2.29,0.64
United States,1959,32.03,8.75,2.19,0.62
United States,1960,31.66,8.36,2.1,0.6
United States,1961,31.9,8.34,2.05,0.59
United States,1962,32.04,8.27,1.98,0.56
United States,1963,32.01,8.16,1.96,0.57
United States,1964,31.64,8.02,1.97,0.53
United States,1965,31.52,8.07,2.04,0.54
United States,1966,31.98,8.37,2.15,0.6
United States,1967,32.05,8.43,2.16,0.6
United States,1968,31.98,8.35,2.15,0.58
United States,1969,31.82,8.02,2,0.55
United States,1970,31.51,7.8,1.94,0.53
United States,1971,31.75,7.79,1.91,0.52
United States,1972,31.62,7.75,1.92,0.52
United States,1973,31.85,7.74,1.89,0.5
United States,1974,32.36,8.12,2.11,0.56
United States,1975,32.62,8.01,2.04,0.56
United States,1976,32.42,7.89,2.02,0.56
United States,1977,32.43,7.9,2.04,0.57
United States,1978,32.44,7.95,2.08,0.58
United States,1979,32.35,8.03,2.16,0.62
United States,1980,32.87,8.18,2.23,0.65
United States,1981,32.72,8.03,2.23,0.66
United States,1982,33.22,8.39,2.45,0.77
United States,1983,33.69,8.59,2.61,0.87
United States,1984,33.95,8.89,2.83,0.98
United States,1985,34.25,9.09,2.91,0.97
United States,1986,34.57,9.13,2.87,1
United States,1987,36.48,10.75,3.73,1.3
United States,1988,38.63,13.17,5.21,1.99
United States,1989,38.47,12.61,4.74,1.74
United States,1990,38.84,12.98,4.9,1.83
United States,1991,38.38,12.17,4.36,1.61
United States,1992,39.82,13.48,5.21,2.02
United States,1993,39.48,12.82,4.72,1.74
United States,1994,39.6,12.85,4.7,1.73
United States,1995,40.54,13.53,4.98,1.82
United States,1996,41.16,14.11,5.33,1.97
United States,1997,41.73,14.77,5.81,2.2
United States,1998,42.12,15.29,6.2,2.41
United States,1999,42.67,15.87,6.64,2.63
United States,2000,43.11,16.49,7.13,2.84
United States,2001,42.23,15.37,6.26,2.4
United States,2002,42.36,14.99,5.94,2.3
United States,2003,42.76,15.21,6.11,2.44
United States,2004,43.64,16.34,6.9,2.87
United States,2005,44.94,17.68,7.76,3.29
United States,2006,45.5,18.06,7.92,3.32
United States,2007,45.67,18.33,8.16,3.53
United States,2008,45.96,17.89,7.82,3.37
United States,2009,45.47,16.68,7.04,3.06
United States,2010,46.35,17.45,7.52,3.31
United States,2011,46.63,17.47,7.38,3.16
United States,2012,47.76,18.88,8.36,3.64
United States,2013,47.01,17.54,7.37,3.11
Uruguay,2009,49.84,14.2,4.6,1.7
Uruguay,2010,50,14.6,4.9,1.7
Uruguay,2011,48.33,14.4,4.9,1.9
Uruguay,2012,45.18,14,4.6,1.5
